run_id,blind_id,condition,model,bucket,mech_class,mech_detail,coder_Q,coder_K,final_class,source,declared,hardcoded
M1_C1_KP2_T3_A_r01,B0001,C1,M1,numeric_wrong,CV,percent_x100,CN,CV,CV,mechanical,N,0
M3_C3_KP6_T2_B_r07,B0002,C3,M3,numeric_wrong,UNMATCHED,unmatched,CN,CV,CV,adjudicated,N,0
M3_C1_KP3_T3_A_r04,B0003,C1,M3,numeric_wrong,UNMATCHED,unmatched,CN,CN,CN,ai_agree,N,0
M1_C1_KP1_T1_A_r03,B0004,C1,M1,numeric_wrong,UNMATCHED,unmatched,CN,CN,CN,ai_agree,N,0
M3_C3_KP4_T1_A_r03,B0005,C3,M3,numeric_wrong,CN,hardcoded_constant,CN,CN,CN,mechanical,N,1
M2_C3_KP3_T2_A_r02,B0006,C3,M2,numeric_wrong,CN,hardcoded_constant,CN,CN,CN,mechanical,N,1
M1_C4_KP4_T1_can_r01,B0007,C4,M1,numeric_wrong,CV,percent_d100,CV,CV,CV,mechanical,Y,0
M2_C3_KP3_T3_A_r03,B0008,C3,M2,numeric_wrong,UNMATCHED,unmatched,CN,CN,CN,ai_agree,N,0
M2_C2_KP3_T3_can_r01,B0009,C2,M2,numeric_wrong,UNMATCHED,unmatched,CN,CN,CN,ai_agree,Y,0
M1_C1_KP5_T2_A_r02,B0010,C1,M1,numeric_wrong,UNMATCHED,unmatched,CN,CN,CN,ai_agree,Y,0
M3_C3_KP4_T1_A_r04,B0011,C3,M3,numeric_wrong,CN,hardcoded_constant,CN,CN,CN,mechanical,N,1
M1_C1_KP5_T1_B_r07,B0012,C1,M1,numeric_wrong,CV,currency_wan,CN,CN,CV,mechanical,Y,0
M3_C3_KP5_T1_A_r03,B0013,C3,M3,numeric_wrong,CN,hardcoded_constant,CN,CN,CN,mechanical,Y,1
M3_C3_KP1_T3_B_r10,B0014,C3,M3,numeric_wrong,CN,hardcoded_constant,CN,CN,CN,mechanical,N,1
M2_C3_KP4_T1_A_r05,B0015,C3,M2,numeric_wrong,CV,discrete_discount,CV,CN,CV,mechanical,Y,0
M1_C2_KP4_T1_can_r06,B0016,C2,M1,numeric_wrong,CV,percent_d100,CV,CV,CV,mechanical,Y,0
M1_C1_KP3_T3_A_r04,B0017,C1,M1,numeric_wrong,UNMATCHED,unmatched,CN,CN,CN,ai_agree,N,0
M1_C3_KP5_T2_B_r10,B0018,C3,M1,numeric_wrong,UNMATCHED,unmatched,CN,CN,CN,ai_agree,Y,0
M2_C1_KP6_T3_A_r01,B0019,C1,M2,numeric_wrong,UNMATCHED,no_numeric_detail,CN,CD,CD,adjudicated,N,0
M1_C2_KP5_T2_can_r09,B0020,C2,M1,numeric_wrong,CV,sign_flip,CN,CV,CV,mechanical,N,0
M1_C1_KP1_T3_A_r01,B0021,C1,M1,numeric_wrong,UNMATCHED,unmatched,CN,CN,CN,ai_agree,N,0
M2_C3_KP4_T3_A_r02,B0022,C3,M2,defensible,CV,declared_alt:vega_approximation,CV,CV,CV,mechanical,Y,0
M3_C1_KP5_T2_A_r03,B0023,C1,M3,numeric_wrong,UNMATCHED,unmatched,CN,CN,CN,ai_agree,Y,0
M3_C1_KP3_T1_A_r02,B0024,C1,M3,numeric_wrong,CN,hardcoded_constant,CN,CN,CN,mechanical,Y,1
M1_C2_KP5_T3_can_r10,B0025,C2,M1,numeric_wrong,CV,sign_flip,CN,CN,CV,mechanical,Y,0
M3_C3_KP5_T2_A_r02,B0026,C3,M3,numeric_wrong,UNMATCHED,unmatched,CN,CN,CN,ai_agree,N,0
M1_C1_KP3_T2_B_r10,B0027,C1,M1,numeric_wrong,CV,percent_x100,CV,CN,CV,mechanical,Y,0
M1_C1_KP5_T3_B_r07,B0028,C1,M1,numeric_wrong,UNMATCHED,unmatched,CN,CN,CN,ai_agree,N,0
M3_C1_KP4_T1_A_r02,B0029,C1,M3,numeric_wrong,CN,hardcoded_constant,CN,CN,CN,mechanical,N,1
M1_C2_KP4_T1_can_r10,B0030,C2,M1,numeric_wrong,CV,percent_d100,CV,CV,CV,mechanical,Y,0
M1_C1_KP2_T1_B_r07,B0031,C1,M1,numeric_wrong,CV,percent_x100,CV,CN,CV,mechanical,N,0
M1_C3_KP5_T1_B_r10,B0032,C3,M1,numeric_wrong,UNMATCHED,unmatched,CN,CN,CN,ai_agree,Y,0
M2_C3_KP3_T3_A_r05,B0033,C3,M2,numeric_wrong,CV,silent_alt:exact_repricing,CV,CN,CV,mechanical,N,0
M3_C2_KP2_T3_can_r01,B0034,C2,M3,numeric_wrong,CV,silent_alt:rf_geometric,CV,CV,CV,mechanical,Y,0
M1_C1_KP5_T1_A_r03,B0035,C1,M1,numeric_wrong,UNMATCHED,unmatched,CN,CN,CN,ai_agree,N,0
M1_C1_KP5_T2_A_r01,B0036,C1,M1,numeric_wrong,UNMATCHED,unmatched,CV,CN,CN,adjudicated,Y,0
M1_C2_KP4_T3_can_r08,B0037,C2,M1,defensible,CV,declared_alt:vega_approximation,CV,CV,CV,mechanical,Y,0
M2_C3_KP4_T2_B_r06,B0038,C3,M2,numeric_wrong,CN,hardcoded_constant,CV,CV,CN,mechanical,Y,1
M2_C2_KP3_T2_can_r06,B0039,C2,M2,numeric_wrong,CV,percent_x100,CN,CD,CV,mechanical,Y,0
M2_C3_KP6_T1_A_r03,B0040,C3,M2,numeric_wrong,UNMATCHED,no_numeric_detail,CN,CD,CN,adjudicated,N,0
M3_C3_KP6_T2_B_r06,B0041,C3,M3,numeric_wrong,UNMATCHED,unmatched,CN,CV,CN,adjudicated,N,0
M1_C3_KP2_T3_A_r02,B0042,C3,M1,numeric_wrong,CV,silent_alt:rf_geometric,CV,CV,CV,mechanical,N,0
M1_C2_KP3_T3_can_r10,B0043,C2,M1,numeric_wrong,UNMATCHED,unmatched,CN,CN,CN,ai_agree,Y,0
M3_C1_KP3_T2_B_r09,B0044,C1,M3,numeric_wrong,CN,hardcoded_constant,CD,CD,CN,mechanical,Y,1
M3_C1_KP6_T1_A_r04,B0045,C1,M3,numeric_wrong,UNMATCHED,no_numeric_detail,CD,CD,CD,ai_agree,N,0
M1_C2_KP5_T2_can_r04,B0046,C2,M1,numeric_wrong,CV,sign_flip,CV,CV,CV,mechanical,N,0
M3_C3_KP3_T3_A_r04,B0047,C3,M3,numeric_wrong,UNMATCHED,unmatched,CN,CN,CN,ai_agree,N,0
M1_C3_KP5_T3_A_r02,B0048,C3,M1,numeric_wrong,UNMATCHED,unmatched,CN,CN,CN,ai_agree,N,0
M2_C2_KP2_T3_can_r10,B0049,C2,M2,numeric_wrong,CV,silent_alt:rf_geometric,CV,CV,CV,mechanical,Y,0
M3_C1_KP3_T1_B_r08,B0050,C1,M3,numeric_wrong,CN,hardcoded_constant,CN,CN,CN,mechanical,Y,1
M3_C1_KP3_T3_A_r05,B0051,C1,M3,numeric_wrong,UNMATCHED,unmatched,CN,CN,CN,ai_agree,N,0
M1_C3_KP2_T3_A_r01,B0052,C3,M1,numeric_wrong,CV,silent_alt:rf_geometric,CV,CV,CV,mechanical,N,0
M3_C2_KP2_T3_can_r08,B0053,C2,M3,numeric_wrong,CV,silent_alt:rf_geometric,CV,CV,CV,mechanical,Y,0
M1_C2_KP5_T3_can_r02,B0054,C2,M1,numeric_wrong,CV,sign_flip,CN,CV,CV,mechanical,N,0
M2_C1_KP6_T3_B_r08,B0055,C1,M2,numeric_wrong,UNMATCHED,no_numeric_detail,CN,CD,CD,adjudicated,N,0
M2_C2_KP3_T3_can_r10,B0056,C2,M2,numeric_wrong,UNMATCHED,unmatched,CN,CN,CN,ai_agree,Y,0
M3_C1_KP5_T3_B_r09,B0057,C1,M3,numeric_wrong,CN,hardcoded_constant,CN,CN,CN,mechanical,Y,1
M1_C2_KP5_T1_can_r02,B0058,C2,M1,numeric_wrong,CV,sign_flip,CN,CV,CV,mechanical,N,0
M1_C1_KP1_T3_A_r04,B0059,C1,M1,numeric_wrong,UNMATCHED,unmatched,CN,CN,CN,ai_agree,N,0
M2_C3_KP3_T2_B_r08,B0060,C3,M2,numeric_wrong,CN,hardcoded_constant,CD,CD,CN,mechanical,Y,1
M3_C1_KP6_T2_B_r06,B0061,C1,M3,numeric_wrong,UNMATCHED,unmatched,CN,CV,CV,adjudicated,N,0
M1_C3_KP1_T2_B_r10,B0062,C3,M1,numeric_wrong,UNMATCHED,unmatched,CN,CN,CN,ai_agree,Y,0
M1_C4_KP6_T2_can_r06,B0063,C4,M1,numeric_wrong,UNMATCHED,unmatched,CN,CV,CN,adjudicated,N,0
M3_C2_KP1_T3_can_r02,B0064,C2,M3,numeric_wrong,CN,hardcoded_constant,CN,CV,CN,mechanical,Y,1
M1_C1_KP1_T1_B_r09,B0065,C1,M1,numeric_wrong,UNMATCHED,unmatched,CN,CV,CN,adjudicated,N,0
M1_C4_KP5_T3_can_r05,B0066,C4,M1,numeric_wrong,CV,sign_flip,CN,CN,CV,mechanical,Y,0
M2_C1_KP6_T2_B_r10,B0067,C1,M2,numeric_wrong,UNMATCHED,unmatched,CN,CV,CD,adjudicated,N,0
M2_C1_KP4_T1_A_r01,B0068,C1,M2,numeric_wrong,CN,hardcoded_constant,CN,CN,CN,mechanical,N,1
M3_C2_KP2_T3_can_r05,B0069,C2,M3,numeric_wrong,CV,silent_alt:rf_geometric,CV,CV,CV,mechanical,Y,0
M2_C3_KP6_T1_A_r01,B0070,C3,M2,numeric_wrong,UNMATCHED,no_numeric_detail,CV,CD,CD,adjudicated,N,0
M1_C4_KP4_T1_can_r08,B0071,C4,M1,numeric_wrong,CV,percent_d100,CV,CV,CV,mechanical,Y,0
M2_C2_KP4_T3_can_r02,B0072,C2,M2,defensible,CV,declared_alt:vega_approximation,CV,CV,CV,mechanical,N,0
M3_C3_KP3_T1_B_r09,B0073,C3,M3,numeric_wrong,UNMATCHED,unmatched,CN,CN,CN,ai_agree,N,0
M1_C1_KP2_T3_A_r02,B0074,C1,M1,numeric_wrong,CV,percent_x100,CN,CN,CV,mechanical,N,0
M3_C2_KP4_T3_can_r01,B0075,C2,M3,defensible,CV,declared_alt:vega_approximation,CV,CV,CV,mechanical,N,0
M1_C3_KP3_T3_B_r07,B0076,C3,M1,numeric_wrong,UNMATCHED,unmatched,CN,CN,CN,ai_agree,N,0
M1_C1_KP4_T3_A_r02,B0077,C1,M1,numeric_wrong,UNMATCHED,unmatched,CN,CN,CN,ai_agree,N,0
M3_C3_KP5_T1_A_r05,B0078,C3,M3,numeric_wrong,CN,hardcoded_constant,CN,CN,CN,mechanical,N,1
M3_C3_KP5_T3_A_r02,B0079,C3,M3,numeric_wrong,CN,hardcoded_constant,CN,CN,CN,mechanical,N,1
M3_C1_KP5_T2_A_r05,B0080,C1,M3,numeric_wrong,UNMATCHED,unmatched,CN,CN,CN,ai_agree,Y,0
M1_C3_KP1_T1_A_r04,B0081,C3,M1,numeric_wrong,UNMATCHED,unmatched,CN,CN,CN,ai_agree,N,0
M2_C3_KP5_T1_A_r04,B0082,C3,M2,numeric_wrong,CN,hardcoded_constant,CN,CN,CN,mechanical,N,1
M3_C2_KP3_T3_can_r04,B0083,C2,M3,numeric_wrong,UNMATCHED,unmatched,CN,CV,CV,adjudicated,Y,0
M3_C1_KP2_T2_B_r09,B0084,C1,M3,numeric_wrong,CN,hardcoded_constant,CN,CD,CN,mechanical,N,1
M2_C1_KP6_T1_A_r04,B0085,C1,M2,numeric_wrong,UNMATCHED,unmatched,CN,CN,CN,ai_agree,Y,0
M1_C2_KP6_T3_can_r04,B0086,C2,M1,numeric_wrong,CV,rf_geometric,CV,CV,CV,mechanical,Y,0
M2_C1_KP5_T3_A_r02,B0087,C1,M2,numeric_wrong,UNMATCHED,unmatched,CV,CV,CV,ai_agree,N,0
M1_C1_KP5_T3_B_r08,B0088,C1,M1,numeric_wrong,UNMATCHED,unmatched,CN,CN,CN,ai_agree,N,0
M1_C3_KP5_T2_A_r03,B0089,C3,M1,numeric_wrong,UNMATCHED,unmatched,CN,CN,CN,ai_agree,Y,0
M1_C4_KP6_T2_can_r01,B0090,C4,M1,numeric_wrong,UNMATCHED,unmatched,CN,CN,CN,ai_agree,Y,0
M2_C3_KP3_T3_B_r10,B0091,C3,M2,numeric_wrong,UNMATCHED,unmatched,CN,CN,CN,ai_agree,N,0
M3_C3_KP6_T2_A_r05,B0092,C3,M3,numeric_wrong,UNMATCHED,unmatched,CN,CN,CN,ai_agree,Y,0
M3_C3_KP3_T1_A_r04,B0093,C3,M3,numeric_wrong,CN,hardcoded_constant,CN,CN,CN,mechanical,Y,1
M2_C3_KP6_T1_B_r06,B0094,C3,M2,numeric_wrong,UNMATCHED,no_numeric_detail,CN,CD,CD,adjudicated,N,0
M1_C1_KP2_T1_A_r05,B0095,C1,M1,numeric_wrong,CV,percent_x100,CN,CN,CV,mechanical,N,0
M1_C3_KP3_T2_B_r07,B0096,C3,M1,numeric_wrong,CV,percent_x100,CV,CD,CV,mechanical,Y,0
M3_C3_KP2_T3_A_r03,B0097,C3,M3,numeric_wrong,CV,silent_alt:rf_geometric,CV,CV,CV,mechanical,Y,0
M1_C3_KP1_T2_A_r01,B0098,C3,M1,numeric_wrong,UNMATCHED,unmatched,CN,CN,CN,ai_agree,Y,0
M1_C3_KP2_T3_B_r10,B0099,C3,M1,numeric_wrong,CV,silent_alt:rf_geometric,CN,CV,CV,mechanical,N,0
M2_C3_KP4_T2_A_r02,B0100,C3,M2,numeric_wrong,CN,hardcoded_constant,CV,CV,CN,mechanical,Y,1
M3_C3_KP5_T2_A_r04,B0101,C3,M3,numeric_wrong,UNMATCHED,unmatched,CN,CN,CN,ai_agree,Y,0
M1_C1_KP3_T1_A_r02,B0102,C1,M1,numeric_wrong,UNMATCHED,unmatched,CN,CN,CN,ai_agree,N,0
M1_C2_KP4_T1_can_r03,B0103,C2,M1,numeric_wrong,CV,percent_d100,CV,CV,CV,mechanical,Y,0
M3_C3_KP1_T3_A_r03,B0104,C3,M3,numeric_wrong,CN,hardcoded_constant,CN,CD,CN,mechanical,Y,1
M1_C4_KP4_T1_can_r10,B0105,C4,M1,numeric_wrong,CV,percent_d100,CV,CV,CV,mechanical,Y,0
M1_C2_KP3_T2_can_r08,B0106,C2,M1,numeric_wrong,UNMATCHED,unmatched,CD,CN,CN,adjudicated,Y,0
M3_C1_KP6_T3_B_r08,B0107,C1,M3,numeric_wrong,UNMATCHED,no_numeric_detail,CN,CD,CD,adjudicated,N,0
M3_C3_KP6_T1_B_r10,B0108,C3,M3,numeric_wrong,UNMATCHED,unmatched,CN,CD,CD,adjudicated,Y,0
M3_C1_KP1_T1_B_r09,B0109,C1,M3,numeric_wrong,UNMATCHED,no_numeric_detail,CD,CD,CD,ai_agree,Y,0
M1_C3_KP4_T3_A_r04,B0110,C3,M1,defensible,CV,declared_alt:vega_approximation,CV,CV,CV,mechanical,Y,0
M1_C2_KP3_T2_can_r04,B0111,C2,M1,numeric_wrong,UNMATCHED,unmatched,CN,CN,CN,ai_agree,Y,0
M1_C3_KP6_T2_A_r01,B0112,C3,M1,numeric_wrong,UNMATCHED,unmatched,CN,CV,CV,adjudicated,N,0
M1_C3_KP3_T1_A_r05,B0113,C3,M1,numeric_wrong,UNMATCHED,unmatched,CN,CN,CN,ai_agree,N,0
M1_C2_KP6_T1_can_r08,B0114,C2,M1,numeric_wrong,CV,rf_geometric,CV,CV,CV,mechanical,Y,0
M1_C3_KP5_T3_A_r01,B0115,C3,M1,numeric_wrong,UNMATCHED,unmatched,CN,CN,CN,ai_agree,N,0
M1_C1_KP1_T2_B_r07,B0116,C1,M1,numeric_wrong,UNMATCHED,unmatched,CN,CN,CN,ai_agree,Y,0
M1_C4_KP4_T1_can_r06,B0117,C4,M1,numeric_wrong,CV,percent_d100,CV,CV,CV,mechanical,Y,0
M1_C1_KP3_T1_A_r01,B0118,C1,M1,numeric_wrong,UNMATCHED,unmatched,CN,CN,CN,ai_agree,Y,0
M1_C2_KP4_T1_can_r05,B0119,C2,M1,numeric_wrong,CV,percent_d100,CV,CV,CV,mechanical,Y,0
M2_C3_KP6_T1_A_r05,B0120,C3,M2,numeric_wrong,UNMATCHED,unmatched,CV,CV,CV,ai_agree,Y,0
M3_C3_KP4_T3_A_r05,B0121,C3,M3,numeric_wrong,CV,vega_approximation,CN,CN,CV,mechanical,N,0
M3_C3_KP2_T3_A_r02,B0122,C3,M3,numeric_wrong,CV,silent_alt:rf_geometric,CV,CV,CV,mechanical,N,0
M2_C3_KP6_T2_A_r05,B0123,C3,M2,numeric_wrong,UNMATCHED,unmatched,CN,CV,CN,adjudicated,N,0
M1_C1_KP1_T3_B_r08,B0124,C1,M1,numeric_wrong,CN,hardcoded_constant,CN,CN,CN,mechanical,N,1
M1_C1_KP2_T3_B_r09,B0125,C1,M1,numeric_wrong,CV,silent_alt:rf_geometric,CN,CV,CV,mechanical,N,0
M3_C1_KP3_T3_B_r10,B0126,C1,M3,numeric_wrong,UNMATCHED,unmatched,CN,CN,CN,ai_agree,N,0
M2_C2_KP3_T3_can_r06,B0127,C2,M2,numeric_wrong,UNMATCHED,unmatched,CN,CN,CN,ai_agree,Y,0
M2_C1_KP6_T1_B_r10,B0128,C1,M2,numeric_wrong,UNMATCHED,unmatched,CN,CN,CN,ai_agree,N,0
M2_C1_KP4_T3_B_r07,B0129,C1,M2,defensible,CV,declared_alt:vega_approximation,CV,CV,CV,mechanical,N,0
M1_C2_KP3_T3_can_r07,B0130,C2,M1,numeric_wrong,UNMATCHED,unmatched,CN,CN,CN,ai_agree,Y,0
M3_C1_KP6_T2_B_r09,B0131,C1,M3,numeric_wrong,UNMATCHED,unmatched,CN,CV,CD,adjudicated:minimax-m3,N,0
M1_C2_KP2_T3_can_r04,B0132,C2,M1,numeric_wrong,CV,silent_alt:rf_geometric,CV,CV,CV,mechanical,Y,0
M3_C2_KP3_T3_can_r07,B0133,C2,M3,numeric_wrong,UNMATCHED,unmatched,CN,CN,CN,ai_agree,Y,0
M1_C3_KP1_T1_A_r01,B0134,C3,M1,numeric_wrong,UNMATCHED,unmatched,CN,CD,CD,adjudicated:minimax-m3,N,0
M1_C1_KP1_T1_B_r08,B0135,C1,M1,numeric_wrong,UNMATCHED,unmatched,CN,CN,CN,ai_agree,N,0
M1_C3_KP6_T1_B_r07,B0136,C3,M1,numeric_wrong,UNMATCHED,no_numeric_detail,CN,CN,CN,ai_agree,N,0
M1_C1_KP4_T3_A_r05,B0137,C1,M1,numeric_wrong,UNMATCHED,unmatched,CN,CN,CN,ai_agree,N,0
M1_C2_KP6_T1_can_r09,B0138,C2,M1,numeric_wrong,CV,rf_geometric,CV,CV,CV,mechanical,Y,0
M3_C3_KP3_T1_A_r01,B0139,C3,M3,numeric_wrong,CN,hardcoded_constant,CN,CD,CN,mechanical,Y,1
M2_C1_KP5_T1_B_r07,B0140,C1,M2,numeric_wrong,CN,hardcoded_constant,CN,CN,CN,mechanical,N,1
M1_C1_KP4_T3_B_r07,B0141,C1,M1,numeric_wrong,UNMATCHED,unmatched,CN,CN,CN,ai_agree,N,0
M2_C3_KP5_T2_B_r07,B0142,C3,M2,numeric_wrong,UNMATCHED,unmatched,CN,CN,CN,ai_agree,Y,0
M3_C1_KP6_T1_B_r09,B0143,C1,M3,numeric_wrong,UNMATCHED,unmatched,CN,CD,CD,adjudicated:minimax-m3,Y,0
M3_C2_KP6_T3_can_r05,B0144,C2,M3,numeric_wrong,UNMATCHED,unmatched,CN,CV,CN,adjudicated:minimax-m3,N,0
M2_C1_KP6_T1_B_r08,B0145,C1,M2,numeric_wrong,UNMATCHED,no_numeric_detail,CD,CD,CD,ai_agree,N,0
M2_C1_KP4_T3_A_r02,B0146,C1,M2,numeric_wrong,CV,vega_approximation,CN,CN,CV,mechanical,N,0
M1_C2_KP5_T3_can_r04,B0147,C2,M1,numeric_wrong,CV,sign_flip,CV,CV,CV,mechanical,Y,0
M2_C1_KP6_T1_A_r01,B0148,C1,M2,numeric_wrong,UNMATCHED,no_numeric_detail,CN,CD,CD,adjudicated:minimax-m3,N,0
M1_C4_KP6_T2_can_r02,B0149,C4,M1,numeric_wrong,UNMATCHED,unmatched,CN,CN,CN,ai_agree,Y,0
M2_C2_KP3_T3_can_r08,B0150,C2,M2,numeric_wrong,UNMATCHED,unmatched,CN,CV,CN,adjudicated:minimax-m3,Y,0
M3_C3_KP6_T2_B_r08,B0151,C3,M3,numeric_wrong,UNMATCHED,unmatched,CN,CN,CN,ai_agree,Y,0
M1_C3_KP1_T2_B_r07,B0152,C3,M1,numeric_wrong,UNMATCHED,unmatched,CN,CN,CN,ai_agree,Y,0
M1_C1_KP5_T1_B_r09,B0153,C1,M1,numeric_wrong,CV,currency_wan,CN,CN,CV,mechanical,Y,0
M1_C3_KP1_T1_B_r08,B0154,C3,M1,numeric_wrong,UNMATCHED,unmatched,CN,CN,CN,ai_agree,N,0
M1_C2_KP6_T2_can_r10,B0155,C2,M1,numeric_wrong,UNMATCHED,unmatched,CV,CV,CV,ai_agree,Y,0
M3_C1_KP4_T3_A_r01,B0156,C1,M3,numeric_wrong,CV,vega_approximation,CN,CN,CV,mechanical,N,0
M1_C3_KP6_T1_B_r06,B0157,C3,M1,numeric_wrong,UNMATCHED,unmatched,CN,CN,CN,ai_agree,Y,0
M2_C2_KP6_T3_can_r09,B0158,C2,M2,numeric_wrong,CV,silent_alt:rf_geometric,CV,CV,CV,mechanical,Y,0
M1_C1_KP6_T1_B_r07,B0159,C1,M1,numeric_wrong,UNMATCHED,unmatched,CN,CN,CN,ai_agree,Y,0
M1_C2_KP5_T3_can_r06,B0160,C2,M1,numeric_wrong,CV,sign_flip,CN,CV,CV,mechanical,N,0
M3_C1_KP2_T1_B_r06,B0161,C1,M3,numeric_wrong,CV,percent_x100,CN,CN,CV,mechanical,N,0
M3_C1_KP3_T3_A_r03,B0162,C1,M3,numeric_wrong,UNMATCHED,unmatched,CN,CN,CN,ai_agree,N,0
M2_C1_KP2_T1_B_r09,B0163,C1,M2,numeric_wrong,CV,percent_x100,CN,CN,CV,mechanical,N,0
M1_C1_KP3_T1_B_r10,B0164,C1,M1,numeric_wrong,UNMATCHED,unmatched,CN,CN,CN,ai_agree,Y,0
M3_C1_KP5_T2_B_r10,B0165,C1,M3,numeric_wrong,UNMATCHED,unmatched,CN,CN,CN,ai_agree,Y,0
M3_C1_KP2_T1_B_r10,B0166,C1,M3,numeric_wrong,CV,percent_x100,CV,CN,CV,mechanical,Y,0
M2_C1_KP6_T1_B_r06,B0167,C1,M2,numeric_wrong,UNMATCHED,unmatched,CN,CN,CN,ai_agree,Y,0
M2_C1_KP4_T1_A_r02,B0168,C1,M2,numeric_wrong,UNMATCHED,unmatched,CV,CV,CV,ai_agree,N,0
M3_C3_KP3_T3_A_r02,B0169,C3,M3,numeric_wrong,UNMATCHED,unmatched,CN,CN,CN,ai_agree,N,0
M3_C1_KP6_T1_A_r02,B0170,C1,M3,numeric_wrong,UNMATCHED,no_numeric_detail,CN,CD,CD,adjudicated:minimax-m3,Y,0
M3_C3_KP3_T1_B_r10,B0171,C3,M3,numeric_wrong,CN,hardcoded_constant,CN,CN,CN,mechanical,Y,1
M1_C3_KP5_T2_B_r06,B0172,C3,M1,numeric_wrong,UNMATCHED,unmatched,CN,CN,CN,ai_agree,Y,0
M3_C3_KP4_T1_A_r05,B0173,C3,M3,numeric_wrong,UNMATCHED,unmatched,CN,CN,CN,ai_agree,N,0
M3_C2_KP6_T1_can_r04,B0174,C2,M3,numeric_wrong,CV,rf_geometric,CV,CV,CV,mechanical,Y,0
M1_C2_KP6_T3_can_r08,B0175,C2,M1,numeric_wrong,CV,silent_alt:ddof_0,CV,CV,CV,mechanical,N,0
M1_C1_KP1_T1_A_r02,B0176,C1,M1,numeric_wrong,UNMATCHED,unmatched,CN,CN,CN,ai_agree,N,0
M3_C1_KP5_T1_A_r04,B0177,C1,M3,numeric_wrong,CN,hardcoded_constant,CN,CN,CN,mechanical,Y,1
M2_C1_KP6_T3_B_r10,B0178,C1,M2,numeric_wrong,UNMATCHED,no_numeric_detail,CN,CD,CD,adjudicated:minimax-m3,N,0
M1_C3_KP5_T1_B_r06,B0179,C3,M1,numeric_wrong,CN,hardcoded_constant,CN,CN,CN,mechanical,N,1
M3_C2_KP6_T2_can_r01,B0180,C2,M3,numeric_wrong,UNMATCHED,unmatched,CV,CV,CV,ai_agree,Y,0
M3_C3_KP4_T3_B_r08,B0181,C3,M3,numeric_wrong,CV,vega_approximation,CV,CN,CV,mechanical,N,0
M3_C2_KP4_T3_can_r04,B0182,C2,M3,defensible,CV,declared_alt:vega_approximation,CV,CV,CV,mechanical,Y,0
M1_C3_KP5_T1_B_r07,B0183,C3,M1,numeric_wrong,CN,hardcoded_constant,CN,CN,CN,mechanical,Y,1
M1_C1_KP2_T2_A_r03,B0184,C1,M1,numeric_wrong,CV,percent_x100,CV,CN,CV,mechanical,N,0
M1_C1_KP3_T1_A_r05,B0185,C1,M1,numeric_wrong,UNMATCHED,unmatched,CN,CN,CN,ai_agree,Y,0
M1_C3_KP6_T1_B_r10,B0186,C3,M1,numeric_wrong,UNMATCHED,unmatched,CN,CN,CN,ai_agree,N,0
M1_C3_KP3_T2_B_r10,B0187,C3,M1,numeric_wrong,UNMATCHED,unmatched,CN,CN,CN,ai_agree,Y,0
M1_C3_KP3_T1_A_r01,B0188,C3,M1,numeric_wrong,UNMATCHED,unmatched,CN,CN,CN,ai_agree,Y,0
M1_C1_KP1_T2_B_r08,B0189,C1,M1,numeric_wrong,UNMATCHED,unmatched,CN,CN,CN,ai_agree,Y,0
M1_C1_KP5_T2_B_r06,B0190,C1,M1,numeric_wrong,UNMATCHED,unmatched,CN,CN,CN,ai_agree,Y,0
M1_C2_KP5_T3_can_r05,B0191,C2,M1,numeric_wrong,CV,sign_flip,CV,CV,CV,mechanical,N,0
M3_C1_KP3_T3_B_r08,B0192,C1,M3,numeric_wrong,UNMATCHED,unmatched,CN,CN,CN,ai_agree,N,0
M3_C3_KP3_T1_A_r05,B0193,C3,M3,numeric_wrong,UNMATCHED,unmatched,CN,CN,CN,ai_agree,Y,0
M1_C1_KP2_T2_A_r05,B0194,C1,M1,numeric_wrong,CV,percent_x100,CV,CN,CV,mechanical,N,0
M2_C2_KP2_T1_can_r02,B0195,C2,M2,numeric_wrong,CV,percent_x100,CV,CN,CV,mechanical,Y,0
M3_C3_KP2_T3_A_r01,B0196,C3,M3,numeric_wrong,CV,silent_alt:rf_geometric,CV,CV,CV,mechanical,N,0
M2_C3_KP6_T2_B_r08,B0197,C3,M2,numeric_wrong,UNMATCHED,unmatched,CN,CN,CN,ai_agree,N,0
M3_C1_KP5_T1_A_r01,B0198,C1,M3,numeric_wrong,CN,hardcoded_constant,CN,CD,CN,mechanical,Y,1
M1_C1_KP5_T2_B_r07,B0199,C1,M1,numeric_wrong,UNMATCHED,unmatched,CN,CN,CN,ai_agree,Y,0
M1_C1_KP4_T3_A_r03,B0200,C1,M1,numeric_wrong,UNMATCHED,unmatched,CN,CN,CN,ai_agree,N,0
M1_C3_KP4_T1_A_r02,B0201,C3,M1,numeric_wrong,CV,percent_d100,CV,CV,CV,mechanical,Y,0
M3_C3_KP6_T2_A_r04,B0202,C3,M3,numeric_wrong,UNMATCHED,unmatched,CN,CV,CV,adjudicated:minimax-m3,Y,0
M1_C1_KP3_T3_A_r05,B0203,C1,M1,numeric_wrong,UNMATCHED,unmatched,CN,CN,CN,ai_agree,Y,0
M1_C1_KP5_T3_B_r10,B0204,C1,M1,numeric_wrong,UNMATCHED,unmatched,CN,CN,CN,ai_agree,N,0
M1_C3_KP4_T1_A_r04,B0205,C3,M1,numeric_wrong,CV,percent_d100,CV,CV,CV,mechanical,Y,0
M3_C3_KP1_T3_B_r09,B0206,C3,M3,numeric_wrong,CN,hardcoded_constant,CN,CN,CN,mechanical,N,1
M3_C1_KP6_T1_B_r06,B0207,C1,M3,numeric_wrong,UNMATCHED,no_numeric_detail,CN,CD,CD,adjudicated:minimax-m3,Y,0
M3_C3_KP3_T3_A_r03,B0208,C3,M3,numeric_wrong,UNMATCHED,unmatched,CN,CN,CN,ai_agree,N,0
M3_C1_KP2_T2_B_r06,B0209,C1,M3,numeric_wrong,CV,percent_x100,CV,CN,CV,mechanical,Y,0
M1_C3_KP4_T1_A_r05,B0210,C3,M1,numeric_wrong,CV,percent_d100,CV,CV,CV,mechanical,Y,0
M3_C1_KP1_T3_B_r06,B0211,C1,M3,numeric_wrong,CN,hardcoded_constant,CN,CN,CN,mechanical,Y,1
M1_C1_KP5_T1_A_r05,B0212,C1,M1,numeric_wrong,CV,currency_wan,CV,CN,CV,mechanical,Y,0
M1_C1_KP1_T1_A_r01,B0213,C1,M1,numeric_wrong,UNMATCHED,unmatched,CN,CN,CN,ai_agree,N,0
M1_C3_KP1_T3_B_r08,B0214,C3,M1,numeric_wrong,CN,hardcoded_constant,CN,CN,CN,mechanical,N,1
M3_C2_KP6_T3_can_r03,B0215,C2,M3,numeric_wrong,UNMATCHED,unmatched,CN,CV,CN,adjudicated:minimax-m3,N,0
M1_C1_KP3_T3_A_r01,B0216,C1,M1,numeric_wrong,UNMATCHED,unmatched,CN,CN,CN,ai_agree,N,0
M1_C2_KP6_T2_can_r02,B0217,C2,M1,numeric_wrong,UNMATCHED,unmatched,CV,CV,CV,ai_agree,Y,0
M1_C1_KP4_T3_B_r08,B0218,C1,M1,numeric_wrong,UNMATCHED,unmatched,CN,CN,CN,ai_agree,N,0
M1_C3_KP4_T3_B_r09,B0219,C3,M1,numeric_wrong,UNMATCHED,unmatched,CN,CN,CN,ai_agree,N,0
M2_C2_KP3_T3_can_r07,B0220,C2,M2,numeric_wrong,UNMATCHED,unmatched,CN,CN,CN,ai_agree,Y,0
M1_C1_KP3_T2_A_r05,B0221,C1,M1,numeric_wrong,CV,percent_x100,CN,CD,CV,mechanical,Y,0
M1_C2_KP3_T2_can_r06,B0222,C2,M1,numeric_wrong,UNMATCHED,unmatched,CN,CN,CN,ai_agree,Y,0
M3_C2_KP4_T3_can_r03,B0223,C2,M3,defensible,CV,declared_alt:vega_approximation,CV,CV,CV,mechanical,Y,0
M1_C1_KP1_T1_A_r04,B0224,C1,M1,numeric_wrong,UNMATCHED,unmatched,CN,CN,CN,ai_agree,N,0
M3_C3_KP6_T1_B_r08,B0225,C3,M3,numeric_wrong,UNMATCHED,unmatched,CN,CV,CN,adjudicated:minimax-m3,Y,0
M1_C3_KP1_T3_B_r07,B0226,C3,M1,numeric_wrong,CN,hardcoded_constant,CN,CN,CN,mechanical,N,1
M2_C3_KP2_T3_A_r02,B0227,C3,M2,numeric_wrong,CV,silent_alt:rf_geometric,CN,CV,CV,mechanical,N,0
M1_C3_KP5_T1_B_r09,B0228,C3,M1,numeric_wrong,CN,hardcoded_constant,CN,CN,CN,mechanical,N,1
M1_C1_KP1_T1_B_r07,B0229,C1,M1,numeric_wrong,UNMATCHED,unmatched,CN,CN,CN,ai_agree,N,0
M1_C3_KP3_T3_A_r04,B0230,C3,M1,numeric_wrong,UNMATCHED,unmatched,CN,CN,CN,ai_agree,Y,0
M1_C4_KP3_T1_can_r03,B0231,C4,M1,numeric_wrong,UNMATCHED,unmatched,CN,CN,CN,ai_agree,Y,0
M3_C3_KP1_T1_A_r01,B0232,C3,M3,numeric_wrong,UNMATCHED,unmatched,CN,CD,CD,adjudicated:minimax-m3,Y,0
M2_C3_KP4_T3_A_r03,B0233,C3,M2,defensible,CV,declared_alt:vega_approximation,CV,CV,CV,mechanical,N,0
M1_C1_KP3_T3_B_r09,B0234,C1,M1,numeric_wrong,UNMATCHED,unmatched,CN,CN,CN,ai_agree,Y,0
M1_C2_KP5_T2_can_r07,B0235,C2,M1,numeric_wrong,CV,sign_flip,CN,CV,CV,mechanical,N,0
M2_C3_KP6_T1_A_r02,B0236,C3,M2,numeric_wrong,UNMATCHED,no_numeric_detail,CD,CD,CD,ai_agree,N,0
M2_C3_KP6_T3_A_r01,B0237,C3,M2,numeric_wrong,UNMATCHED,no_numeric_detail,CD,CN,CD,adjudicated:minimax-m3,N,0
M1_C3_KP5_T2_A_r04,B0238,C3,M1,numeric_wrong,UNMATCHED,unmatched,CN,CN,CN,ai_agree,Y,0
M1_C1_KP1_T3_A_r05,B0239,C1,M1,numeric_wrong,CV,percent_x100,CV,CV,CV,mechanical,N,0
M1_C3_KP5_T2_A_r01,B0240,C3,M1,numeric_wrong,UNMATCHED,unmatched,CN,CN,CN,ai_agree,Y,0
M1_C1_KP2_T3_B_r08,B0241,C1,M1,numeric_wrong,UNMATCHED,unmatched,CN,CN,CN,ai_agree,N,0
M1_C1_KP4_T1_A_r02,B0242,C1,M1,numeric_wrong,CV,percent_d100,CV,CV,CV,mechanical,Y,0
M2_C3_KP2_T3_A_r05,B0243,C3,M2,numeric_wrong,CV,silent_alt:rf_geometric,CV,CV,CV,mechanical,Y,0
M3_C1_KP3_T1_B_r09,B0244,C1,M3,numeric_wrong,CN,hardcoded_constant,CN,CN,CN,mechanical,Y,1
M2_C1_KP6_T3_B_r09,B0245,C1,M2,numeric_wrong,UNMATCHED,no_numeric_detail,CN,CD,CD,adjudicated:minimax-m3,N,0
M1_C2_KP5_T3_can_r07,B0246,C2,M1,numeric_wrong,CV,sign_flip,CN,CV,CV,mechanical,N,0
M3_C1_KP1_T3_A_r05,B0247,C1,M3,numeric_wrong,CV,percent_x100,CV,CV,CV,mechanical,N,0
M3_C1_KP4_T3_B_r06,B0248,C1,M3,numeric_wrong,CV,vega_approximation,CN,CN,CV,mechanical,N,0
M1_C1_KP3_T3_B_r07,B0249,C1,M1,numeric_wrong,UNMATCHED,unmatched,CN,CN,CN,ai_agree,N,0
M3_C1_KP6_T3_B_r06,B0250,C1,M3,numeric_wrong,UNMATCHED,no_numeric_detail,CN,CN,CN,ai_agree,Y,0
M1_C1_KP5_T2_A_r04,B0251,C1,M1,numeric_wrong,UNMATCHED,unmatched,CN,CN,CN,ai_agree,N,0
M2_C3_KP6_T1_B_r07,B0252,C3,M2,numeric_wrong,UNMATCHED,no_numeric_detail,VZ,CN,CD,adjudicated:minimax-m3,N,0
M3_C3_KP4_T1_B_r08,B0253,C3,M3,numeric_wrong,CN,hardcoded_constant,CN,CN,CN,mechanical,Y,1
M1_C2_KP5_T2_can_r05,B0254,C2,M1,numeric_wrong,CV,sign_flip,CN,CV,CV,mechanical,N,0
M3_C2_KP4_T3_can_r06,B0255,C2,M3,defensible,CV,declared_alt:vega_approximation,CV,CV,CV,mechanical,N,0
M3_C3_KP6_T1_A_r01,B0256,C3,M3,numeric_wrong,UNMATCHED,no_numeric_detail,CN,CD,CD,adjudicated:minimax-m3,N,0
M1_C3_KP2_T3_B_r08,B0257,C3,M1,numeric_wrong,CV,silent_alt:rf_geometric,CN,CV,CV,mechanical,N,0
M1_C2_KP4_T1_can_r09,B0258,C2,M1,numeric_wrong,CV,percent_d100,CV,CV,CV,mechanical,Y,0
M1_C3_KP1_T1_B_r10,B0259,C3,M1,numeric_wrong,UNMATCHED,unmatched,CN,CD,CD,adjudicated:minimax-m3,N,0
M1_C1_KP5_T3_B_r06,B0260,C1,M1,numeric_wrong,UNMATCHED,unmatched,CN,CN,CN,ai_agree,N,0
M1_C3_KP1_T2_B_r09,B0261,C3,M1,numeric_wrong,UNMATCHED,unmatched,CN,CN,CN,ai_agree,Y,0
M3_C1_KP5_T1_B_r08,B0262,C1,M3,numeric_wrong,CN,hardcoded_constant,CD,CN,CN,mechanical,Y,1
M3_C1_KP4_T1_A_r04,B0263,C1,M3,numeric_wrong,UNMATCHED,unmatched,CN,CN,CN,ai_agree,N,0
M1_C2_KP5_T3_can_r09,B0264,C2,M1,numeric_wrong,CV,sign_flip,CN,CV,CV,mechanical,N,0
M1_C3_KP4_T3_A_r02,B0265,C3,M1,defensible,CV,declared_alt:vega_approximation,CV,CV,CV,mechanical,Y,0
M2_C2_KP2_T3_can_r06,B0266,C2,M2,numeric_wrong,CV,silent_alt:rf_geometric,CV,CV,CV,mechanical,Y,0
M3_C3_KP5_T2_A_r05,B0267,C3,M3,numeric_wrong,UNMATCHED,unmatched,CN,CN,CN,ai_agree,Y,0
M3_C1_KP4_T3_A_r05,B0268,C1,M3,numeric_wrong,CV,vega_approximation,CN,CN,CV,mechanical,N,0
M1_C1_KP2_T3_B_r07,B0269,C1,M1,numeric_wrong,CV,silent_alt:rf_geometric,CN,CV,CV,mechanical,N,0
M1_C1_KP3_T2_A_r04,B0270,C1,M1,numeric_wrong,CV,percent_x100,CN,CN,CV,mechanical,Y,0
M1_C1_KP4_T3_B_r09,B0271,C1,M1,numeric_wrong,UNMATCHED,unmatched,CN,CN,CN,ai_agree,N,0
M2_C1_KP6_T3_A_r02,B0272,C1,M2,numeric_wrong,UNMATCHED,no_numeric_detail,CN,CD,CD,adjudicated:minimax-m3,N,0
M2_C2_KP4_T3_can_r04,B0273,C2,M2,defensible,CV,declared_alt:vega_approximation,CV,CV,CV,mechanical,N,0
M3_C1_KP5_T1_B_r06,B0274,C1,M3,numeric_wrong,CN,hardcoded_constant,CN,CN,CN,mechanical,N,1
M1_C3_KP2_T3_B_r09,B0275,C3,M1,numeric_wrong,CV,silent_alt:rf_geometric,CN,CV,CV,mechanical,N,0
M2_C2_KP4_T1_can_r08,B0276,C2,M2,numeric_wrong,CV,percent_d100,CV,CV,CV,mechanical,Y,0
M1_C1_KP5_T1_B_r10,B0277,C1,M1,numeric_wrong,CV,currency_wan,CN,CN,CV,mechanical,Y,0
M3_C1_KP6_T2_B_r10,B0278,C1,M3,numeric_wrong,UNMATCHED,unmatched,CN,CV,CD,adjudicated:minimax-m3,N,0
M2_C1_KP1_T2_A_r05,B0279,C1,M2,numeric_wrong,UNMATCHED,unmatched,CN,CN,CN,ai_agree,Y,0
M1_C3_KP3_T1_B_r07,B0280,C3,M1,numeric_wrong,UNMATCHED,unmatched,CN,CN,CN,ai_agree,Y,0
M2_C3_KP2_T3_B_r06,B0281,C3,M2,numeric_wrong,CV,silent_alt:rf_geometric,CV,CV,CV,mechanical,Y,0
M3_C3_KP2_T3_B_r06,B0282,C3,M3,numeric_wrong,CV,silent_alt:rf_geometric,CV,CV,CV,mechanical,N,0
M2_C3_KP3_T1_A_r03,B0283,C3,M2,numeric_wrong,CN,hardcoded_constant,CN,CN,CN,mechanical,N,1
M3_C1_KP6_T1_A_r05,B0284,C1,M3,numeric_wrong,UNMATCHED,no_numeric_detail,CN,CD,CD,adjudicated:minimax-m3,N,0
M1_C1_KP2_T2_A_r04,B0285,C1,M1,numeric_wrong,CV,percent_x100,CV,CN,CV,mechanical,N,0
M1_C2_KP6_T3_can_r07,B0286,C2,M1,numeric_wrong,CV,silent_alt:ddof_0,CV,CV,CV,mechanical,N,0
M3_C3_KP5_T2_B_r07,B0287,C3,M3,numeric_wrong,UNMATCHED,unmatched,CN,CN,CN,ai_agree,N,0
M1_C3_KP1_T1_A_r03,B0288,C3,M1,numeric_wrong,UNMATCHED,unmatched,CN,CN,CN,ai_agree,N,0
M1_C2_KP6_T1_can_r04,B0289,C2,M1,numeric_wrong,CV,rf_geometric,CV,CV,CV,mechanical,Y,0
M3_C3_KP4_T3_B_r09,B0290,C3,M3,numeric_wrong,CV,vega_approximation,CN,CN,CV,mechanical,N,0
M3_C3_KP5_T2_A_r03,B0291,C3,M3,numeric_wrong,UNMATCHED,unmatched,CN,CN,CN,ai_agree,Y,0
M2_C3_KP2_T3_A_r03,B0292,C3,M2,numeric_wrong,CV,silent_alt:rf_geometric,CN,CV,CV,mechanical,N,0
M2_C2_KP2_T2_can_r02,B0293,C2,M2,numeric_wrong,CV,percent_x100,CV,CN,CV,mechanical,N,0
M1_C2_KP5_T1_can_r06,B0294,C2,M1,numeric_wrong,CV,sign_flip,CN,CV,CV,mechanical,N,0
M1_C3_KP1_T2_A_r04,B0295,C3,M1,numeric_wrong,UNMATCHED,unmatched,CN,CN,CN,ai_agree,Y,0
M3_C2_KP3_T3_can_r06,B0296,C2,M3,numeric_wrong,UNMATCHED,unmatched,CN,CN,CN,ai_agree,Y,0
M3_C3_KP1_T3_B_r07,B0297,C3,M3,numeric_wrong,CN,hardcoded_constant,CN,CD,CN,mechanical,N,1
M2_C3_KP2_T3_B_r09,B0298,C3,M2,numeric_wrong,CV,silent_alt:rf_geometric,CV,CV,CV,mechanical,Y,0
M1_C3_KP6_T2_B_r10,B0299,C3,M1,numeric_wrong,UNMATCHED,unmatched,CN,CV,CD,adjudicated:minimax-m3,N,0
M2_C1_KP4_T3_A_r01,B0300,C1,M2,numeric_wrong,CV,vega_approximation,CV,CV,CV,mechanical,Y,0
M1_C2_KP4_T1_can_r01,B0301,C2,M1,numeric_wrong,CV,percent_d100,CV,CV,CV,mechanical,Y,0
M2_C1_KP4_T1_B_r07,B0302,C1,M2,numeric_wrong,UNMATCHED,unmatched,CN,CV,CN,adjudicated:minimax-m3,N,0
M3_C3_KP4_T1_B_r09,B0303,C3,M3,numeric_wrong,CV,discrete_discount,CV,CN,CV,mechanical,Y,0
M1_C3_KP4_T1_B_r10,B0304,C3,M1,numeric_wrong,CV,percent_d100,CV,CV,CV,mechanical,Y,0
M1_C4_KP6_T2_can_r03,B0305,C4,M1,numeric_wrong,UNMATCHED,unmatched,CN,CN,CN,ai_agree,Y,0
M1_C1_KP5_T2_A_r05,B0306,C1,M1,numeric_wrong,UNMATCHED,unmatched,CN,CN,CN,ai_agree,N,0
M3_C3_KP4_T1_A_r01,B0307,C3,M3,numeric_wrong,CN,hardcoded_constant,CN,CN,CN,mechanical,N,1
M1_C1_KP2_T2_A_r01,B0308,C1,M1,numeric_wrong,CV,percent_x100,CV,CN,CV,mechanical,N,0
M2_C2_KP3_T2_can_r07,B0309,C2,M2,numeric_wrong,CV,percent_x100,CN,CN,CV,mechanical,Y,0
M1_C2_KP3_T2_can_r02,B0310,C2,M1,numeric_wrong,UNMATCHED,unmatched,CN,CN,CN,ai_agree,Y,0
M1_C3_KP3_T3_A_r05,B0311,C3,M1,numeric_wrong,UNMATCHED,unmatched,CN,CN,CN,ai_agree,N,0
M3_C3_KP3_T3_A_r01,B0312,C3,M3,numeric_wrong,UNMATCHED,unmatched,CN,CN,CN,ai_agree,N,0
M1_C2_KP5_T3_can_r01,B0313,C2,M1,numeric_wrong,CV,sign_flip,CN,CN,CV,mechanical,Y,0
M1_C2_KP4_T1_can_r04,B0314,C2,M1,numeric_wrong,CV,percent_d100,CV,CV,CV,mechanical,Y,0
M1_C2_KP6_T2_can_r05,B0315,C2,M1,numeric_wrong,UNMATCHED,unmatched,CV,CV,CV,ai_agree,Y,0
M3_C2_KP6_T3_can_r02,B0316,C2,M3,numeric_wrong,UNMATCHED,unmatched,CV,CV,CV,ai_agree,Y,0
M2_C3_KP6_T2_B_r07,B0317,C3,M2,numeric_wrong,UNMATCHED,unmatched,CN,CV,CN,adjudicated:minimax-m3,Y,0
M1_C1_KP1_T3_A_r02,B0318,C1,M1,numeric_wrong,CV,percent_x100,CV,CV,CV,mechanical,Y,0
M3_C2_KP4_T3_can_r07,B0319,C2,M3,defensible,CV,declared_alt:vega_approximation,CV,CV,CV,mechanical,N,0
M3_C1_KP2_T2_B_r07,B0320,C1,M3,numeric_wrong,CN,hardcoded_constant,CN,CD,CN,mechanical,N,1
M3_C3_KP4_T3_B_r10,B0321,C3,M3,numeric_wrong,CV,vega_approximation,CN,CN,CV,mechanical,N,0
M2_C3_KP4_T3_A_r05,B0322,C3,M2,numeric_wrong,CV,vega_approximation,CN,CN,CV,mechanical,N,0
M1_C1_KP6_T2_B_r07,B0323,C1,M1,numeric_wrong,UNMATCHED,unmatched,CN,CN,CN,ai_agree,Y,0
M2_C1_KP5_T1_A_r04,B0324,C1,M2,numeric_wrong,CN,hardcoded_constant,CN,CD,CN,mechanical,N,1
M1_C3_KP1_T3_A_r05,B0325,C3,M1,numeric_wrong,UNMATCHED,unmatched,CN,CV,CN,adjudicated:minimax-m3,Y,0
M2_C3_KP3_T3_A_r04,B0326,C3,M2,numeric_wrong,UNMATCHED,unmatched,CN,CN,CN,ai_agree,N,0
M1_C3_KP1_T1_B_r06,B0327,C3,M1,numeric_wrong,UNMATCHED,unmatched,CN,CN,CN,ai_agree,N,0
M3_C3_KP3_T3_B_r10,B0328,C3,M3,numeric_wrong,UNMATCHED,unmatched,CN,CN,CN,ai_agree,N,0
M1_C1_KP1_T1_A_r05,B0329,C1,M1,numeric_wrong,UNMATCHED,unmatched,CN,CN,CN,ai_agree,N,0
M1_C3_KP3_T3_B_r09,B0330,C3,M1,numeric_wrong,UNMATCHED,unmatched,CN,CN,CN,ai_agree,N,0
M2_C3_KP1_T1_B_r07,B0331,C3,M2,numeric_wrong,UNMATCHED,unmatched,CN,CN,CN,ai_agree,Y,0
M1_C3_KP3_T3_B_r06,B0332,C3,M1,numeric_wrong,UNMATCHED,unmatched,CN,CN,CN,ai_agree,Y,0
M1_C2_KP3_T3_can_r02,B0333,C2,M1,numeric_wrong,UNMATCHED,unmatched,CN,CN,CN,ai_agree,Y,0
M3_C3_KP5_T1_B_r07,B0334,C3,M3,numeric_wrong,CN,hardcoded_constant,CN,CN,CN,mechanical,N,1
M1_C3_KP5_T1_B_r08,B0335,C3,M1,numeric_wrong,CN,hardcoded_constant,CN,CN,CN,mechanical,N,1
M3_C2_KP1_T3_can_r08,B0336,C2,M3,numeric_wrong,CN,hardcoded_constant,CV,CN,CN,mechanical,Y,1
M1_C1_KP3_T1_A_r03,B0337,C1,M1,numeric_wrong,UNMATCHED,unmatched,CN,CN,CN,ai_agree,N,0
M2_C2_KP4_T3_can_r03,B0338,C2,M2,defensible,CV,declared_alt:vega_approximation,CV,CV,CV,mechanical,N,0
M1_C3_KP2_T3_A_r04,B0339,C3,M1,numeric_wrong,CV,silent_alt:rf_geometric,CV,CV,CV,mechanical,N,0
M3_C3_KP6_T1_A_r02,B0340,C3,M3,numeric_wrong,UNMATCHED,no_numeric_detail,CD,CN,CD,adjudicated:minimax-m3,Y,0
M1_C2_KP3_T3_can_r03,B0341,C2,M1,numeric_wrong,UNMATCHED,unmatched,CN,CV,CN,adjudicated:minimax-m3,Y,0
M1_C1_KP4_T1_A_r01,B0342,C1,M1,numeric_wrong,CV,percent_d100,CV,CV,CV,mechanical,Y,0
M2_C1_KP5_T1_A_r05,B0343,C1,M2,numeric_wrong,CN,hardcoded_constant,CN,CN,CN,mechanical,Y,1
M1_C2_KP6_T3_can_r03,B0344,C2,M1,numeric_wrong,CV,silent_alt:rf_geometric,CV,CV,CV,mechanical,N,0
M3_C1_KP6_T1_A_r01,B0345,C1,M3,numeric_wrong,UNMATCHED,no_numeric_detail,CN,CN,CN,ai_agree,N,0
M1_C3_KP1_T1_B_r07,B0346,C3,M1,numeric_wrong,CN,hardcoded_constant,CN,CN,CN,mechanical,N,1
M3_C3_KP6_T1_A_r04,B0347,C3,M3,numeric_wrong,UNMATCHED,no_numeric_detail,CN,CD,CD,adjudicated:minimax-m3,Y,0
M2_C2_KP3_T3_can_r05,B0348,C2,M2,numeric_wrong,UNMATCHED,unmatched,CN,CD,CD,adjudicated:minimax-m3,Y,0
M3_C1_KP1_T1_B_r06,B0349,C1,M3,numeric_wrong,UNMATCHED,no_numeric_detail,CD,CD,CD,ai_agree,N,0
M1_C1_KP5_T3_A_r01,B0350,C1,M1,numeric_wrong,CN,hardcoded_constant,CN,CN,CN,mechanical,N,1
M1_C1_KP2_T1_B_r09,B0351,C1,M1,numeric_wrong,CV,percent_x100,CV,CV,CV,mechanical,N,0
M2_C3_KP6_T2_A_r03,B0352,C3,M2,numeric_wrong,UNMATCHED,unmatched,CN,CV,CN,adjudicated:minimax-m3,N,0
M1_C3_KP5_T1_A_r03,B0353,C3,M1,numeric_wrong,UNMATCHED,unmatched,CN,CN,CN,ai_agree,N,0
M1_C3_KP1_T2_B_r08,B0354,C3,M1,numeric_wrong,UNMATCHED,unmatched,CN,CN,CN,ai_agree,Y,0
M3_C2_KP3_T3_can_r09,B0355,C2,M3,numeric_wrong,CV,silent_alt:duration_plus_convexity,CV,CN,CV,mechanical,N,0
M2_C1_KP5_T3_B_r10,B0356,C1,M2,numeric_wrong,CN,hardcoded_constant,CN,CN,CN,mechanical,N,1
M2_C1_KP2_T1_A_r04,B0357,C1,M2,numeric_wrong,CV,percent_x100,CV,CV,CV,mechanical,N,0
M1_C1_KP5_T2_B_r08,B0358,C1,M1,numeric_wrong,UNMATCHED,unmatched,CN,CN,CN,ai_agree,N,0
M1_C1_KP3_T2_B_r07,B0359,C1,M1,numeric_wrong,UNMATCHED,unmatched,CN,CN,CN,ai_agree,Y,0
M3_C3_KP1_T1_A_r02,B0360,C3,M3,numeric_wrong,UNMATCHED,no_numeric_detail,CD,CD,CD,ai_agree,Y,0
M1_C1_KP4_T3_B_r10,B0361,C1,M1,numeric_wrong,UNMATCHED,unmatched,CN,CN,CN,ai_agree,Y,0
M2_C3_KP6_T1_B_r10,B0362,C3,M2,numeric_wrong,UNMATCHED,no_numeric_detail,CD,CD,CD,ai_agree,N,0
M1_C3_KP4_T3_A_r05,B0363,C3,M1,defensible,CV,declared_alt:vega_approximation,CV,CV,CV,mechanical,N,0
M1_C3_KP3_T1_B_r09,B0364,C3,M1,numeric_wrong,UNMATCHED,unmatched,CN,CN,CN,ai_agree,Y,0
M3_C1_KP3_T3_B_r07,B0365,C1,M3,numeric_wrong,UNMATCHED,unmatched,CN,CN,CN,ai_agree,N,0
M1_C1_KP6_T3_B_r09,B0366,C1,M1,numeric_wrong,UNMATCHED,unmatched,CV,CV,CV,ai_agree,N,0
M1_C4_KP6_T2_can_r07,B0367,C4,M1,numeric_wrong,UNMATCHED,unmatched,CV,CV,CV,ai_agree,N,0
M1_C3_KP6_T2_A_r04,B0368,C3,M1,numeric_wrong,UNMATCHED,unmatched,CV,CV,CV,ai_agree,Y,0
M1_C4_KP4_T1_can_r02,B0369,C4,M1,numeric_wrong,CV,percent_d100,CV,CV,CV,mechanical,Y,0
M3_C1_KP3_T1_A_r01,B0370,C1,M3,numeric_wrong,UNMATCHED,unmatched,CN,CN,CN,ai_agree,Y,0
M1_C3_KP6_T1_B_r08,B0371,C3,M1,numeric_wrong,UNMATCHED,unmatched,CN,CN,CN,ai_agree,N,0
M2_C3_KP1_T2_A_r04,B0372,C3,M2,vis_failure,VZ,figure_missing,CN,CN,VZ,mechanical,Y,0
M3_C3_KP5_T1_B_r06,B0373,C3,M3,numeric_wrong,CN,hardcoded_constant,CN,CN,CN,mechanical,N,1
M3_C1_KP1_T3_B_r10,B0374,C1,M3,numeric_wrong,CV,percent_x100,CV,CV,CV,mechanical,N,0
M1_C3_KP1_T3_A_r04,B0375,C3,M1,numeric_wrong,UNMATCHED,unmatched,CN,CV,CN,adjudicated:minimax-m3,Y,0
M1_C3_KP5_T1_A_r05,B0376,C3,M1,numeric_wrong,UNMATCHED,unmatched,CN,CN,CN,ai_agree,N,0
M1_C1_KP6_T2_A_r05,B0377,C1,M1,numeric_wrong,UNMATCHED,unmatched,CN,CV,CD,adjudicated:minimax-m3,N,0
M2_C3_KP4_T1_B_r10,B0378,C3,M2,numeric_wrong,CV,vega_per_pct,CN,CN,CV,mechanical,N,0
M1_C3_KP4_T3_A_r01,B0379,C3,M1,defensible,CV,declared_alt:vega_approximation,CV,CV,CV,mechanical,Y,0
M1_C2_KP6_T3_can_r10,B0380,C2,M1,numeric_wrong,CV,silent_alt:rf_geometric,CV,CV,CV,mechanical,Y,0
M1_C3_KP1_T2_B_r06,B0381,C3,M1,numeric_wrong,UNMATCHED,unmatched,CN,CN,CN,ai_agree,Y,0
M2_C3_KP6_T2_B_r09,B0382,C3,M2,numeric_wrong,UNMATCHED,unmatched,CN,CV,CV,adjudicated:minimax-m3,N,0
M1_C2_KP3_T2_can_r01,B0383,C2,M1,numeric_wrong,CV,percent_x100,CV,CN,CV,mechanical,Y,0
M1_C2_KP1_T2_can_r06,B0384,C2,M1,numeric_wrong,UNMATCHED,unmatched,CN,CN,CN,ai_agree,N,0
M3_C3_KP1_T3_B_r06,B0385,C3,M3,numeric_wrong,CN,hardcoded_constant,CN,CN,CN,mechanical,N,1
M3_C1_KP6_T2_A_r04,B0386,C1,M3,numeric_wrong,UNMATCHED,unmatched,CN,CN,CN,ai_agree,N,0
M1_C3_KP1_T3_B_r10,B0387,C3,M1,numeric_wrong,CN,hardcoded_constant,CN,CN,CN,mechanical,N,1
M3_C1_KP1_T3_B_r08,B0388,C1,M3,numeric_wrong,CV,percent_x100,CN,CN,CV,mechanical,Y,0
M2_C3_KP6_T1_A_r04,B0389,C3,M2,numeric_wrong,UNMATCHED,no_numeric_detail,CD,CD,CD,ai_agree,N,0
M1_C1_KP6_T2_A_r01,B0390,C1,M1,numeric_wrong,UNMATCHED,unmatched,CN,CN,CN,ai_agree,Y,0
M3_C1_KP4_T3_A_r03,B0391,C1,M3,numeric_wrong,CN,hardcoded_constant,CN,CN,CN,mechanical,N,1
M3_C1_KP3_T1_B_r07,B0392,C1,M3,numeric_wrong,CN,hardcoded_constant,CN,CN,CN,mechanical,Y,1
M1_C1_KP3_T3_B_r08,B0393,C1,M1,numeric_wrong,UNMATCHED,unmatched,CN,CN,CN,ai_agree,N,0
M3_C2_KP2_T2_can_r02,B0394,C2,M3,numeric_wrong,CV,percent_x100,CV,CN,CV,mechanical,Y,0
M3_C3_KP2_T3_B_r10,B0395,C3,M3,numeric_wrong,CV,silent_alt:rf_geometric,CV,CV,CV,mechanical,Y,0
M1_C1_KP3_T3_A_r02,B0396,C1,M1,numeric_wrong,UNMATCHED,unmatched,CN,CN,CN,ai_agree,N,0
M3_C1_KP3_T3_A_r02,B0397,C1,M3,numeric_wrong,UNMATCHED,unmatched,CN,CN,CN,ai_agree,N,0
M3_C1_KP4_T3_B_r08,B0398,C1,M3,numeric_wrong,CV,vega_approximation,CN,CN,CV,mechanical,N,0
M2_C2_KP3_T3_can_r03,B0399,C2,M2,numeric_wrong,UNMATCHED,unmatched,CN,CN,CN,ai_agree,Y,0
M2_C2_KP2_T3_can_r02,B0400,C2,M2,numeric_wrong,CV,silent_alt:rf_geometric,CV,CV,CV,mechanical,Y,0
M3_C3_KP5_T3_A_r03,B0401,C3,M3,numeric_wrong,CN,hardcoded_constant,CN,CN,CN,mechanical,N,1
M1_C3_KP4_T3_B_r07,B0402,C3,M1,numeric_wrong,UNMATCHED,unmatched,CN,CN,CN,ai_agree,N,0
M2_C1_KP4_T3_B_r06,B0403,C1,M2,defensible,CV,declared_alt:vega_approximation,CV,CV,CV,mechanical,Y,0
M3_C2_KP4_T3_can_r02,B0404,C2,M3,defensible,CV,declared_alt:vega_approximation,CV,CN,CV,mechanical,Y,0
M3_C2_KP3_T2_can_r03,B0405,C2,M3,numeric_wrong,CN,hardcoded_constant,CN,CD,CN,mechanical,Y,1
M1_C3_KP3_T1_B_r08,B0406,C3,M1,numeric_wrong,UNMATCHED,unmatched,CN,CN,CN,ai_agree,N,0
M1_C1_KP5_T1_A_r01,B0407,C1,M1,numeric_wrong,CV,currency_wan,CN,CN,CV,mechanical,N,0
M3_C3_KP4_T1_A_r02,B0408,C3,M3,numeric_wrong,UNMATCHED,unmatched,CN,CN,CN,ai_agree,N,0
M3_C3_KP3_T3_B_r08,B0409,C3,M3,numeric_wrong,UNMATCHED,unmatched,CN,CN,CN,ai_agree,N,0
M1_C4_KP4_T1_can_r03,B0410,C4,M1,numeric_wrong,CV,percent_d100,CV,CV,CV,mechanical,Y,0
M3_C3_KP4_T1_B_r07,B0411,C3,M3,numeric_wrong,UNMATCHED,unmatched,CN,CN,CN,ai_agree,N,0
M3_C3_KP3_T1_B_r07,B0412,C3,M3,numeric_wrong,CN,hardcoded_constant,CN,CD,CN,mechanical,Y,1
M1_C2_KP3_T2_can_r07,B0413,C2,M1,numeric_wrong,UNMATCHED,unmatched,CN,CN,CN,ai_agree,Y,0
M2_C2_KP4_T1_can_r07,B0414,C2,M2,numeric_wrong,CV,percent_d100,CV,CV,CV,mechanical,Y,0
M3_C1_KP4_T1_A_r01,B0415,C1,M3,numeric_wrong,UNMATCHED,unmatched,CN,CN,CN,ai_agree,N,0
M1_C3_KP3_T1_A_r04,B0416,C3,M1,numeric_wrong,UNMATCHED,unmatched,CN,CN,CN,ai_agree,N,0
M3_C1_KP2_T1_A_r04,B0417,C1,M3,numeric_wrong,CV,percent_x100,CV,CN,CV,mechanical,Y,0
M1_C4_KP3_T1_can_r08,B0418,C4,M1,numeric_wrong,UNMATCHED,unmatched,CN,CN,CN,ai_agree,Y,0
M1_C2_KP5_T1_can_r08,B0419,C2,M1,numeric_wrong,CV,sign_flip,CN,CV,CV,mechanical,N,0
M1_C1_KP4_T1_B_r09,B0420,C1,M1,numeric_wrong,UNMATCHED,unmatched,CN,CN,CN,ai_agree,N,0
M3_C2_KP6_T3_can_r07,B0421,C2,M3,numeric_wrong,UNMATCHED,unmatched,CV,CV,CV,ai_agree,Y,0
M2_C3_KP2_T3_B_r10,B0422,C3,M2,numeric_wrong,CV,silent_alt:rf_geometric,CV,CV,CV,mechanical,Y,0
M1_C1_KP1_T2_B_r10,B0423,C1,M1,numeric_wrong,UNMATCHED,unmatched,CN,CN,CN,ai_agree,Y,0
M3_C2_KP3_T3_can_r02,B0424,C2,M3,numeric_wrong,CV,silent_alt:duration_plus_convexity,CV,CN,CV,mechanical,N,0
M3_C1_KP4_T1_B_r07,B0425,C1,M3,numeric_wrong,CN,hardcoded_constant,CN,CN,CN,mechanical,Y,1
M2_C3_KP4_T1_A_r02,B0426,C3,M2,numeric_wrong,CV,discrete_discount,CV,CV,CV,mechanical,Y,0
M3_C3_KP5_T2_B_r06,B0427,C3,M3,numeric_wrong,UNMATCHED,unmatched,CN,CN,CN,ai_agree,N,0
M3_C2_KP2_T2_can_r07,B0428,C2,M3,numeric_wrong,CV,percent_x100,CV,CN,CV,mechanical,Y,0
M1_C3_KP3_T1_A_r02,B0429,C3,M1,numeric_wrong,UNMATCHED,unmatched,CN,CN,CN,ai_agree,Y,0
M1_C1_KP5_T3_B_r09,B0430,C1,M1,numeric_wrong,UNMATCHED,unmatched,CN,CN,CN,ai_agree,N,0
M1_C2_KP4_T1_can_r07,B0431,C2,M1,numeric_wrong,CV,percent_d100,CV,CV,CV,mechanical,Y,0
M1_C1_KP6_T2_A_r02,B0432,C1,M1,numeric_wrong,UNMATCHED,unmatched,CN,CN,CN,ai_agree,Y,0
M3_C1_KP4_T3_A_r02,B0433,C1,M3,numeric_wrong,CV,vega_approximation,CN,CN,CV,mechanical,N,0
M1_C3_KP3_T2_B_r09,B0434,C3,M1,numeric_wrong,CV,percent_x100,CV,CD,CV,mechanical,Y,0
M3_C3_KP4_T3_B_r06,B0435,C3,M3,numeric_wrong,CV,vega_approximation,CN,CN,CV,mechanical,N,0
M3_C1_KP3_T1_A_r04,B0436,C1,M3,numeric_wrong,CN,hardcoded_constant,CN,CN,CN,mechanical,Y,1
M1_C3_KP4_T1_B_r06,B0437,C3,M1,numeric_wrong,CV,percent_d100,CV,CV,CV,mechanical,Y,0
M1_C2_KP4_T1_can_r02,B0438,C2,M1,numeric_wrong,CV,percent_d100,CV,CV,CV,mechanical,Y,0
M1_C4_KP5_T3_can_r04,B0439,C4,M1,numeric_wrong,CV,sign_flip,CN,CN,CV,mechanical,Y,0
M1_C2_KP5_T2_can_r06,B0440,C2,M1,numeric_wrong,UNMATCHED,unmatched,CN,CN,CN,ai_agree,Y,0
M1_C3_KP1_T3_B_r06,B0441,C3,M1,numeric_wrong,CN,hardcoded_constant,CN,CN,CN,mechanical,N,1
M2_C3_KP2_T3_B_r07,B0442,C3,M2,numeric_wrong,CV,silent_alt:rf_geometric,CD,CV,CV,mechanical,N,0
M1_C2_KP3_T3_can_r06,B0443,C2,M1,numeric_wrong,UNMATCHED,unmatched,CN,CN,CN,ai_agree,Y,0
M1_C3_KP1_T2_A_r02,B0444,C3,M1,numeric_wrong,UNMATCHED,unmatched,CN,CN,CN,ai_agree,Y,0
M1_C2_KP6_T3_can_r01,B0445,C2,M1,numeric_wrong,CV,silent_alt:rf_geometric,CV,CV,CV,mechanical,Y,0
M3_C1_KP5_T2_A_r04,B0446,C1,M3,numeric_wrong,UNMATCHED,unmatched,CN,CN,CN,ai_agree,N,0
M2_C1_KP2_T1_B_r06,B0447,C1,M2,numeric_wrong,CV,percent_x100,CV,CD,CV,mechanical,N,0
M1_C1_KP6_T1_B_r08,B0448,C1,M1,numeric_wrong,UNMATCHED,no_numeric_detail,CN,CV,CD,adjudicated:minimax-m3,N,0
M3_C3_KP6_T1_B_r07,B0449,C3,M3,numeric_wrong,UNMATCHED,no_numeric_detail,CN,CD,CD,adjudicated:minimax-m3,Y,0
M1_C1_KP4_T1_B_r08,B0450,C1,M1,numeric_wrong,CV,percent_d100,CV,CV,CV,mechanical,Y,0
M1_C2_KP6_T1_can_r06,B0451,C2,M1,numeric_wrong,CV,rf_geometric,CV,CV,CV,mechanical,Y,0
M2_C1_KP6_T1_B_r07,B0452,C1,M2,numeric_wrong,UNMATCHED,no_numeric_detail,CN,CD,CD,adjudicated:minimax-m3,N,0
M1_C3_KP6_T2_A_r02,B0453,C3,M1,numeric_wrong,UNMATCHED,unmatched,CV,CV,CV,ai_agree,Y,0
M1_C2_KP4_T3_can_r05,B0454,C2,M1,defensible,CV,declared_alt:vega_approximation,CV,CV,CV,mechanical,Y,0
M3_C1_KP3_T1_A_r05,B0455,C1,M3,numeric_wrong,CN,hardcoded_constant,CN,CD,CN,mechanical,Y,1
M3_C3_KP5_T1_A_r02,B0456,C3,M3,numeric_wrong,CN,hardcoded_constant,CN,CN,CN,mechanical,N,1
M3_C3_KP6_T2_B_r09,B0457,C3,M3,numeric_wrong,UNMATCHED,unmatched,CN,CV,CD,adjudicated:minimax-m3,N,0
M1_C4_KP6_T2_can_r04,B0458,C4,M1,numeric_wrong,UNMATCHED,unmatched,CN,CV,CD,adjudicated:minimax-m3,N,0
M3_C3_KP6_T1_A_r05,B0459,C3,M3,numeric_wrong,UNMATCHED,no_numeric_detail,CD,CN,CD,adjudicated:minimax-m3,Y,0
M1_C1_KP5_T1_A_r04,B0460,C1,M1,numeric_wrong,CV,currency_wan,CV,CN,CV,mechanical,Y,0
M2_C1_KP6_T3_B_r06,B0461,C1,M2,numeric_wrong,UNMATCHED,no_numeric_detail,CN,CD,CD,adjudicated:minimax-m3,N,0
M3_C1_KP6_T2_A_r05,B0462,C1,M3,numeric_wrong,UNMATCHED,unmatched,CN,CV,CN,adjudicated:minimax-m3,Y,0
M1_C2_KP3_T3_can_r01,B0463,C2,M1,numeric_wrong,UNMATCHED,unmatched,CN,CN,CN,ai_agree,Y,0
M1_C1_KP4_T3_A_r04,B0464,C1,M1,numeric_wrong,UNMATCHED,unmatched,CN,CN,CN,ai_agree,N,0
M3_C3_KP5_T1_B_r08,B0465,C3,M3,numeric_wrong,CN,hardcoded_constant,CN,CN,CN,mechanical,Y,1
M1_C3_KP5_T2_A_r05,B0466,C3,M1,numeric_wrong,UNMATCHED,unmatched,CN,CN,CN,ai_agree,Y,0
M1_C3_KP6_T1_B_r09,B0467,C3,M1,numeric_wrong,UNMATCHED,no_numeric_detail,CN,CN,CN,ai_agree,N,0
M3_C2_KP3_T3_can_r01,B0468,C2,M3,numeric_wrong,UNMATCHED,unmatched,CN,CV,CN,adjudicated:minimax-m3,Y,0
M3_C3_KP5_T1_A_r04,B0469,C3,M3,numeric_wrong,CN,hardcoded_constant,CN,CN,CN,mechanical,Y,1
M3_C2_KP6_T1_can_r08,B0470,C2,M3,numeric_wrong,CV,rf_geometric,CN,CV,CV,mechanical,Y,0
M1_C3_KP4_T1_A_r03,B0471,C3,M1,numeric_wrong,CV,percent_d100,CV,CV,CV,mechanical,Y,0
M2_C3_KP6_T3_B_r10,B0472,C3,M2,numeric_wrong,UNMATCHED,unmatched,CN,CV,CN,adjudicated:minimax-m3,Y,0
M2_C3_KP3_T3_B_r06,B0473,C3,M2,numeric_wrong,CV,percent_x100,CN,CN,CV,mechanical,N,0
M2_C1_KP6_T1_A_r05,B0474,C1,M2,numeric_wrong,CV,percent_x100,CV,CN,CV,mechanical,N,0
M1_C3_KP2_T3_B_r07,B0475,C3,M1,numeric_wrong,CV,silent_alt:rf_geometric,CN,CV,CV,mechanical,N,0
M1_C2_KP5_T2_can_r02,B0476,C2,M1,numeric_wrong,CV,sign_flip,CV,CV,CV,mechanical,N,0
M1_C2_KP3_T2_can_r10,B0477,C2,M1,numeric_wrong,UNMATCHED,unmatched,CN,CN,CN,ai_agree,Y,0
M3_C3_KP3_T3_A_r05,B0478,C3,M3,numeric_wrong,UNMATCHED,unmatched,CN,CN,CN,ai_agree,N,0
M3_C2_KP2_T3_can_r02,B0479,C2,M3,numeric_wrong,CV,silent_alt:rf_geometric,CV,CV,CV,mechanical,Y,0
M1_C3_KP5_T2_B_r08,B0480,C3,M1,numeric_wrong,UNMATCHED,unmatched,CN,CN,CN,ai_agree,Y,0
M2_C1_KP6_T3_B_r07,B0481,C1,M2,numeric_wrong,UNMATCHED,no_numeric_detail,CN,CD,CD,adjudicated:minimax-m3,N,0
M1_C1_KP3_T1_B_r09,B0482,C1,M1,numeric_wrong,UNMATCHED,unmatched,CN,CN,CN,ai_agree,Y,0
M3_C3_KP6_T1_A_r03,B0483,C3,M3,numeric_wrong,UNMATCHED,unmatched,CD,CD,CD,ai_agree,Y,0
M1_C1_KP6_T2_B_r08,B0484,C1,M1,numeric_wrong,UNMATCHED,unmatched,CN,CN,CN,ai_agree,Y,0
M1_C2_KP6_T2_can_r04,B0485,C2,M1,numeric_wrong,UNMATCHED,unmatched,CV,CV,CV,ai_agree,Y,0
M3_C1_KP2_T2_A_r02,B0486,C1,M3,numeric_wrong,CN,hardcoded_constant,CN,CN,CN,mechanical,N,1
M3_C1_KP5_T2_A_r01,B0487,C1,M3,numeric_wrong,UNMATCHED,unmatched,CN,CV,CD,adjudicated:minimax-m3,N,0
M2_C2_KP6_T1_can_r07,B0488,C2,M2,numeric_wrong,CV,ddof_0,CV,CV,CV,mechanical,Y,0
M1_C1_KP4_T3_B_r06,B0489,C1,M1,numeric_wrong,UNMATCHED,unmatched,CN,CN,CN,ai_agree,N,0
M1_C3_KP4_T1_B_r09,B0490,C3,M1,numeric_wrong,UNMATCHED,unmatched,CN,CN,CN,ai_agree,N,0
M1_C2_KP2_T3_can_r06,B0491,C2,M1,numeric_wrong,CV,silent_alt:rf_geometric,CV,CV,CV,mechanical,N,0
M1_C4_KP4_T1_can_r05,B0492,C4,M1,numeric_wrong,CV,percent_d100,CV,CV,CV,mechanical,Y,0
M3_C2_KP3_T3_can_r05,B0493,C2,M3,defensible,CV,declared_alt:duration_plus_convexity,CN,CV,CV,mechanical,Y,0
M1_C3_KP3_T1_B_r06,B0494,C3,M1,numeric_wrong,UNMATCHED,unmatched,CN,CN,CN,ai_agree,N,0
M1_C2_KP6_T1_can_r05,B0495,C2,M1,numeric_wrong,CV,rf_geometric,CV,CV,CV,mechanical,Y,0
M2_C2_KP6_T1_can_r09,B0496,C2,M2,numeric_wrong,CV,ddof_0,CV,CV,CV,mechanical,N,0
M2_C2_KP3_T3_can_r02,B0497,C2,M2,numeric_wrong,UNMATCHED,unmatched,CN,CV,CV,adjudicated:minimax-m3,Y,0
M1_C1_KP2_T1_A_r04,B0498,C1,M1,numeric_wrong,CV,percent_x100,CV,CN,CV,mechanical,N,0
M3_C3_KP5_T3_A_r05,B0499,C3,M3,numeric_wrong,CV,currency_wan,CV,CN,CV,mechanical,Y,0
M1_C1_KP2_T1_A_r02,B0500,C1,M1,numeric_wrong,CV,percent_x100,CN,CN,CV,mechanical,N,0
M3_C2_KP6_T3_can_r01,B0501,C2,M3,numeric_wrong,UNMATCHED,unmatched,CV,CV,CV,ai_agree,Y,0
M1_C1_KP5_T1_A_r02,B0502,C1,M1,numeric_wrong,CN,hardcoded_constant,CV,CD,CN,mechanical,Y,1
M3_C2_KP4_T3_can_r08,B0503,C2,M3,defensible,CV,declared_alt:vega_approximation,CV,CV,CV,mechanical,N,0
M1_C1_KP2_T1_B_r08,B0504,C1,M1,numeric_wrong,CV,percent_x100,CV,CV,CV,mechanical,Y,0
M3_C1_KP1_T3_A_r02,B0505,C1,M3,numeric_wrong,CV,percent_x100,CN,CN,CV,mechanical,Y,0
M1_C3_KP2_T3_B_r06,B0506,C3,M1,numeric_wrong,CV,silent_alt:rf_geometric,CN,CV,CV,mechanical,N,0
M3_C3_KP3_T1_B_r06,B0507,C3,M3,numeric_wrong,UNMATCHED,unmatched,CN,CN,CN,ai_agree,Y,0
M2_C3_KP3_T2_B_r07,B0508,C3,M2,numeric_wrong,CV,percent_x100,CV,CN,CV,mechanical,Y,0
M3_C1_KP1_T3_A_r03,B0509,C1,M3,numeric_wrong,CV,percent_x100,CV,CV,CV,mechanical,Y,0
M3_C1_KP4_T1_B_r10,B0510,C1,M3,numeric_wrong,CV,percent_d100,CV,CV,CV,mechanical,Y,0
M2_C3_KP5_T1_B_r06,B0511,C3,M2,numeric_wrong,CN,hardcoded_constant,CV,CN,CN,mechanical,N,1
M1_C1_KP6_T2_A_r03,B0512,C1,M1,numeric_wrong,UNMATCHED,unmatched,CN,CN,CN,ai_agree,Y,0
M1_C2_KP3_T3_can_r05,B0513,C2,M1,numeric_wrong,UNMATCHED,unmatched,CN,CN,CN,ai_agree,Y,0
M1_C2_KP3_T2_can_r05,B0514,C2,M1,numeric_wrong,UNMATCHED,unmatched,CN,CN,CN,ai_agree,Y,0
M2_C1_KP1_T3_B_r06,B0515,C1,M2,numeric_wrong,CN,hardcoded_constant,CN,CN,CN,mechanical,N,1
M1_C3_KP4_T3_B_r08,B0516,C3,M1,numeric_wrong,UNMATCHED,unmatched,CN,CN,CN,ai_agree,Y,0
M2_C1_KP6_T2_A_r04,B0517,C1,M2,numeric_wrong,UNMATCHED,unmatched,CN,CV,CN,adjudicated:minimax-m3,N,0
M3_C1_KP6_T3_B_r10,B0518,C1,M3,numeric_wrong,UNMATCHED,no_numeric_detail,CN,CD,CD,adjudicated:minimax-m3,Y,0
M1_C1_KP1_T3_B_r07,B0519,C1,M1,numeric_wrong,CN,hardcoded_constant,CN,CN,CN,mechanical,N,1
M1_C3_KP1_T3_B_r09,B0520,C3,M1,numeric_wrong,UNMATCHED,unmatched,CN,CN,CN,ai_agree,N,0
M1_C2_KP3_T2_can_r09,B0521,C2,M1,numeric_wrong,UNMATCHED,unmatched,CN,CN,CN,ai_agree,Y,0
M1_C1_KP1_T2_A_r03,B0522,C1,M1,numeric_wrong,CN,hardcoded_constant,CN,CV,CN,mechanical,N,1
M1_C1_KP6_T2_B_r09,B0523,C1,M1,numeric_wrong,UNMATCHED,unmatched,CN,CV,CV,adjudicated:minimax-m3,N,0
M2_C3_KP4_T3_B_r06,B0524,C3,M2,defensible,CV,declared_alt:vega_approximation,CV,CV,CV,mechanical,N,0
M2_C3_KP3_T3_B_r08,B0525,C3,M2,numeric_wrong,CV,exact_repricing,CN,CN,CV,mechanical,N,0
M3_C3_KP6_T1_B_r06,B0526,C3,M3,numeric_wrong,UNMATCHED,no_numeric_detail,CN,CD,CD,adjudicated:minimax-m3,Y,0
M3_C2_KP2_T1_can_r08,B0527,C2,M3,numeric_wrong,CV,percent_x100,CV,CN,CV,mechanical,N,0
M3_C2_KP2_T3_can_r09,B0528,C2,M3,numeric_wrong,CV,silent_alt:rf_geometric,CV,CV,CV,mechanical,Y,0
M1_C3_KP3_T3_A_r02,B0529,C3,M1,numeric_wrong,UNMATCHED,unmatched,CN,CN,CN,ai_agree,N,0
M1_C3_KP3_T2_B_r08,B0530,C3,M1,numeric_wrong,CV,percent_x100,CV,CD,CV,mechanical,Y,0
M1_C1_KP6_T2_A_r04,B0531,C1,M1,numeric_wrong,UNMATCHED,unmatched,CN,CV,CV,adjudicated:minimax-m3,N,0
M1_C2_KP2_T3_can_r09,B0532,C2,M1,numeric_wrong,CV,silent_alt:rf_geometric,CV,CV,CV,mechanical,N,0
M1_C2_KP5_T3_can_r03,B0533,C2,M1,numeric_wrong,CV,sign_flip,CV,CV,CV,mechanical,N,0
M2_C3_KP4_T3_B_r08,B0534,C3,M2,numeric_wrong,UNMATCHED,unmatched,CV,CN,CN,adjudicated:minimax-m3,N,0
M1_C1_KP6_T1_B_r10,B0535,C1,M1,numeric_wrong,CV,percent_x100,CN,CV,CV,mechanical,Y,0
M1_C1_KP2_T3_A_r05,B0536,C1,M1,numeric_wrong,CV,percent_x100,CN,CN,CV,mechanical,N,0
M1_C1_KP1_T2_A_r01,B0537,C1,M1,numeric_wrong,UNMATCHED,unmatched,CN,CD,CD,adjudicated:minimax-m3,N,0
M1_C1_KP3_T2_A_r01,B0538,C1,M1,numeric_wrong,CV,percent_x100,CN,CD,CV,mechanical,Y,0
M1_C1_KP1_T3_A_r03,B0539,C1,M1,numeric_wrong,CV,percent_x100,CV,CV,CV,mechanical,N,0
M2_C3_KP2_T3_A_r01,B0540,C3,M2,numeric_wrong,CV,silent_alt:rf_geometric,CV,CV,CV,mechanical,Y,0
M3_C1_KP1_T3_B_r09,B0541,C1,M3,numeric_wrong,CN,hardcoded_constant,CN,CN,CN,mechanical,N,1
M1_C2_KP6_T2_can_r09,B0542,C2,M1,numeric_wrong,UNMATCHED,unmatched,CV,CV,CV,ai_agree,Y,0
M3_C3_KP6_T1_B_r09,B0543,C3,M3,numeric_wrong,UNMATCHED,no_numeric_detail,CN,CD,CD,adjudicated:minimax-m3,Y,0
M3_C1_KP3_T2_A_r04,B0544,C1,M3,numeric_wrong,CN,hardcoded_constant,CN,CD,CN,mechanical,N,1
M2_C1_KP2_T1_B_r10,B0545,C1,M2,numeric_wrong,CV,percent_x100,CV,CN,CV,mechanical,N,0
M3_C3_KP2_T3_A_r04,B0546,C3,M3,numeric_wrong,CV,silent_alt:rf_geometric,CV,CV,CV,mechanical,N,0
M3_C2_KP6_T3_can_r08,B0547,C2,M3,numeric_wrong,UNMATCHED,unmatched,CN,CN,CN,ai_agree,Y,0
M1_C2_KP4_T1_can_r08,B0548,C2,M1,numeric_wrong,CV,percent_d100,CV,CV,CV,mechanical,Y,0
M2_C1_KP6_T1_A_r03,B0549,C1,M2,numeric_wrong,CV,percent_x100,CN,CN,CV,mechanical,Y,0
M3_C1_KP2_T2_A_r03,B0550,C1,M3,numeric_wrong,CV,percent_x100,CV,CN,CV,mechanical,N,0
M1_C1_KP2_T3_B_r10,B0551,C1,M1,numeric_wrong,CV,rf_geometric,CN,CN,CV,mechanical,N,0
M1_C1_KP3_T2_B_r09,B0552,C1,M1,numeric_wrong,CV,percent_x100,CV,CN,CV,mechanical,Y,0
M3_C1_KP1_T1_B_r08,B0553,C1,M3,numeric_wrong,UNMATCHED,no_numeric_detail,CD,CD,CD,ai_agree,N,0
M1_C3_KP6_T2_A_r05,B0554,C3,M1,numeric_wrong,UNMATCHED,unmatched,CN,CV,CD,adjudicated:minimax-m3,N,0
M1_C3_KP5_T2_B_r07,B0555,C3,M1,numeric_wrong,UNMATCHED,unmatched,CN,CN,CN,ai_agree,Y,0
M1_C2_KP3_T3_can_r08,B0556,C2,M1,numeric_wrong,UNMATCHED,unmatched,CN,CN,CN,ai_agree,Y,0
M3_C3_KP4_T3_A_r02,B0557,C3,M3,numeric_wrong,CN,hardcoded_constant,CN,CN,CN,mechanical,N,1
M1_C1_KP3_T3_B_r10,B0558,C1,M1,numeric_wrong,UNMATCHED,unmatched,CN,CN,CN,ai_agree,N,0
M2_C3_KP4_T1_A_r03,B0559,C3,M2,numeric_wrong,CV,discrete_discount,CN,CN,CV,mechanical,N,0
M1_C4_KP5_T3_can_r10,B0560,C4,M1,numeric_wrong,CV,sign_flip,CN,CN,CV,mechanical,Y,0
M3_C3_KP4_T3_B_r07,B0561,C3,M3,numeric_wrong,CV,vega_approximation,CN,CN,CV,mechanical,N,0
M2_C3_KP2_T3_A_r04,B0562,C3,M2,numeric_wrong,CV,silent_alt:rf_geometric,CV,CV,CV,mechanical,Y,0
M1_C3_KP4_T1_B_r07,B0563,C3,M1,numeric_wrong,CV,percent_d100,CV,CV,CV,mechanical,Y,0
M1_C1_KP4_T1_B_r07,B0564,C1,M1,numeric_wrong,CV,percent_d100,CV,CV,CV,mechanical,Y,0
M1_C1_KP1_T3_B_r06,B0565,C1,M1,numeric_wrong,CN,hardcoded_constant,CN,CN,CN,mechanical,N,1
M1_C1_KP5_T2_A_r03,B0566,C1,M1,numeric_wrong,UNMATCHED,unmatched,CN,CN,CN,ai_agree,Y,0
M1_C1_KP6_T1_B_r09,B0567,C1,M1,numeric_wrong,UNMATCHED,unmatched,CN,CN,CN,ai_agree,Y,0
M3_C1_KP5_T1_A_r05,B0568,C1,M3,numeric_wrong,CN,hardcoded_constant,CN,CN,CN,mechanical,Y,1
M1_C1_KP5_T2_B_r09,B0569,C1,M1,numeric_wrong,UNMATCHED,unmatched,CN,CN,CN,ai_agree,N,0
M3_C1_KP3_T3_B_r09,B0570,C1,M3,numeric_wrong,UNMATCHED,unmatched,CN,CN,CN,ai_agree,N,0
M1_C3_KP1_T1_B_r09,B0571,C3,M1,numeric_wrong,UNMATCHED,unmatched,CN,CN,CN,ai_agree,N,0
M1_C2_KP5_T3_can_r08,B0572,C2,M1,numeric_wrong,CV,sign_flip,CN,CN,CV,mechanical,Y,0
M1_C1_KP4_T1_A_r03,B0573,C1,M1,numeric_wrong,CV,percent_d100,CV,CV,CV,mechanical,Y,0
M1_C2_KP6_T1_can_r07,B0574,C2,M1,numeric_wrong,CV,rf_geometric,CV,CV,CV,mechanical,Y,0
M1_C1_KP2_T1_A_r03,B0575,C1,M1,numeric_wrong,CV,percent_x100,CN,CN,CV,mechanical,N,0
M1_C3_KP3_T1_B_r10,B0576,C3,M1,numeric_wrong,UNMATCHED,unmatched,CN,CN,CN,ai_agree,N,0
M2_C3_KP4_T3_B_r09,B0577,C3,M2,numeric_wrong,CV,vega_approximation,CN,CV,CV,mechanical,N,0
M1_C1_KP4_T1_B_r06,B0578,C1,M1,numeric_wrong,CV,percent_d100,CV,CV,CV,mechanical,Y,0
M2_C1_KP2_T2_B_r07,B0579,C1,M2,numeric_wrong,CV,percent_x100,CV,CN,CV,mechanical,N,0
M1_C1_KP3_T3_A_r03,B0580,C1,M1,numeric_wrong,UNMATCHED,unmatched,CN,CN,CN,ai_agree,N,0
M2_C3_KP4_T3_A_r04,B0581,C3,M2,numeric_wrong,CV,vega_approximation,CV,CN,CV,mechanical,N,0
M3_C1_KP6_T3_A_r05,B0582,C1,M3,numeric_wrong,UNMATCHED,no_numeric_detail,CN,CD,CD,adjudicated:minimax-m3,Y,0
M1_C1_KP3_T2_A_r02,B0583,C1,M1,numeric_wrong,CV,percent_x100,CV,CN,CV,mechanical,Y,0
M3_C3_KP4_T3_A_r04,B0584,C3,M3,numeric_wrong,CV,vega_approximation,CN,CN,CV,mechanical,N,0
M3_C1_KP1_T3_A_r01,B0585,C1,M3,numeric_wrong,CN,hardcoded_constant,CD,CD,CN,mechanical,N,1
M2_C3_KP2_T3_B_r08,B0586,C3,M2,numeric_wrong,CV,silent_alt:rf_geometric,CV,CV,CV,mechanical,N,0
M2_C2_KP6_T3_can_r05,B0587,C2,M2,numeric_wrong,UNMATCHED,unmatched,CN,CV,CN,adjudicated:minimax-m3,N,0
M2_C3_KP4_T3_B_r07,B0588,C3,M2,defensible,CV,declared_alt:vega_approximation,CV,CV,CV,mechanical,N,0
M2_C2_KP6_T3_can_r06,B0589,C2,M2,numeric_wrong,UNMATCHED,unmatched,CN,CV,CN,adjudicated:minimax-m3,Y,0
M1_C1_KP4_T1_A_r04,B0590,C1,M1,numeric_wrong,CV,percent_d100,CV,CV,CV,mechanical,Y,0
M1_C1_KP2_T2_A_r02,B0591,C1,M1,numeric_wrong,CV,percent_x100,CV,CN,CV,mechanical,N,0
M1_C1_KP3_T2_B_r08,B0592,C1,M1,numeric_wrong,CV,percent_x100,CV,CN,CV,mechanical,Y,0
M1_C3_KP3_T1_A_r03,B0593,C3,M1,numeric_wrong,UNMATCHED,unmatched,CN,CN,CN,ai_agree,Y,0
M2_C1_KP6_T2_B_r07,B0594,C1,M2,numeric_wrong,UNMATCHED,unmatched,CN,CN,CN,ai_agree,N,0
M3_C3_KP5_T2_A_r01,B0595,C3,M3,numeric_wrong,UNMATCHED,unmatched,CN,CN,CN,ai_agree,N,0
M1_C3_KP4_T3_B_r10,B0596,C3,M1,numeric_wrong,UNMATCHED,unmatched,CN,CN,CN,ai_agree,N,0
M3_C1_KP3_T3_A_r01,B0597,C1,M3,numeric_wrong,UNMATCHED,unmatched,CN,CN,CN,ai_agree,N,0
M2_C2_KP3_T3_can_r04,B0598,C2,M2,numeric_wrong,UNMATCHED,unmatched,CN,CN,CN,ai_agree,Y,0
M3_C1_KP6_T1_B_r10,B0599,C1,M3,numeric_wrong,UNMATCHED,no_numeric_detail,CN,CD,CD,adjudicated:minimax-m3,Y,0
M2_C4_KP6_T3_can_r09,B0600,C4,M2,numeric_wrong,UNMATCHED,unmatched,CN,CV,CV,adjudicated:minimax-m3,N,0
M3_C1_KP5_T1_A_r02,B0601,C1,M3,numeric_wrong,CN,hardcoded_constant,CN,CN,CN,mechanical,Y,1
M1_C1_KP5_T2_B_r10,B0602,C1,M1,numeric_wrong,UNMATCHED,unmatched,CN,CN,CN,ai_agree,N,0
M1_C1_KP4_T1_B_r10,B0603,C1,M1,numeric_wrong,CV,percent_d100,CV,CV,CV,mechanical,Y,0
M3_C3_KP1_T3_A_r05,B0604,C3,M3,numeric_wrong,CN,hardcoded_constant,CN,CN,CN,mechanical,N,1
M3_C1_KP6_T1_A_r03,B0605,C1,M3,numeric_wrong,UNMATCHED,no_numeric_detail,CD,CD,CD,ai_agree,N,0
M1_C3_KP5_T2_A_r02,B0606,C3,M1,numeric_wrong,UNMATCHED,unmatched,CN,CN,CN,ai_agree,Y,0
M1_C3_KP3_T3_A_r03,B0607,C3,M1,numeric_wrong,UNMATCHED,unmatched,CN,CN,CN,ai_agree,N,0
M1_C2_KP6_T1_can_r02,B0608,C2,M1,numeric_wrong,CV,rf_geometric,CV,CV,CV,mechanical,Y,0
M1_C3_KP4_T1_A_r01,B0609,C3,M1,numeric_wrong,CV,percent_d100,CV,CV,CV,mechanical,Y,0
M1_C3_KP3_T3_A_r01,B0610,C3,M1,numeric_wrong,UNMATCHED,unmatched,CN,CN,CN,ai_agree,N,0
M3_C1_KP4_T3_B_r09,B0611,C1,M3,numeric_wrong,UNMATCHED,unmatched,CN,CN,CN,ai_agree,N,0
M2_C1_KP6_T2_B_r09,B0612,C1,M2,numeric_wrong,UNMATCHED,unmatched,CV,CV,CV,ai_agree,Y,0
M2_C3_KP3_T3_A_r01,B0613,C3,M2,numeric_wrong,UNMATCHED,unmatched,CN,CN,CN,ai_agree,N,0
M1_C3_KP1_T2_A_r05,B0614,C3,M1,numeric_wrong,UNMATCHED,unmatched,CN,CN,CN,ai_agree,Y,0
M2_C3_KP6_T3_B_r09,B0615,C3,M2,numeric_wrong,UNMATCHED,unmatched,CN,CV,CD,adjudicated:minimax-m3,N,0
M1_C1_KP3_T3_B_r06,B0616,C1,M1,numeric_wrong,UNMATCHED,unmatched,CN,CN,CN,ai_agree,N,0
M1_C1_KP1_T3_B_r10,B0617,C1,M1,numeric_wrong,CN,hardcoded_constant,CN,CN,CN,mechanical,N,1
M1_C3_KP1_T1_A_r02,B0618,C3,M1,numeric_wrong,UNMATCHED,unmatched,CN,CN,CN,ai_agree,N,0
M1_C2_KP6_T3_can_r09,B0619,C2,M1,numeric_wrong,CV,silent_alt:ddof_0,CV,CV,CV,mechanical,N,0
M3_C1_KP4_T1_B_r06,B0620,C1,M3,numeric_wrong,CN,hardcoded_constant,CN,CN,CN,mechanical,N,1
M1_C3_KP4_T1_B_r08,B0621,C3,M1,numeric_wrong,UNMATCHED,unmatched,CN,CN,CN,ai_agree,N,0
M1_C1_KP2_T1_B_r06,B0622,C1,M1,numeric_wrong,CV,percent_x100,CN,CN,CV,mechanical,N,0
M3_C3_KP1_T3_A_r02,B0623,C3,M3,numeric_wrong,CN,hardcoded_constant,CN,CN,CN,mechanical,Y,1
M1_C3_KP4_T3_A_r03,B0624,C3,M1,defensible,CV,declared_alt:vega_approximation,CV,CV,CV,mechanical,N,0
M2_C3_KP6_T1_B_r08,B0625,C3,M2,numeric_wrong,UNMATCHED,unmatched,CN,CN,CN,ai_agree,Y,0
M1_C3_KP3_T3_B_r08,B0626,C3,M1,numeric_wrong,UNMATCHED,unmatched,CN,CN,CN,ai_agree,N,0
M3_C1_KP5_T1_B_r07,B0627,C1,M3,numeric_wrong,CN,hardcoded_constant,CV,CN,CN,mechanical,Y,1
M1_C1_KP2_T1_A_r01,B0628,C1,M1,numeric_wrong,CV,percent_x100,CN,CN,CV,mechanical,N,0
M2_C3_KP1_T3_B_r07,B0629,C3,M2,numeric_wrong,CN,hardcoded_constant,CN,CN,CN,mechanical,N,1
M3_C3_KP4_T1_B_r10,B0630,C3,M3,numeric_wrong,UNMATCHED,unmatched,CN,CN,CN,ai_agree,N,0
M3_C1_KP4_T3_B_r07,B0631,C1,M3,numeric_wrong,CV,vega_approximation,CN,CN,CV,mechanical,N,0
M2_C3_KP3_T3_A_r02,B0632,C3,M2,numeric_wrong,CV,silent_alt:exact_repricing,CV,CN,CV,mechanical,N,0
M1_C2_KP6_T1_can_r10,B0633,C2,M1,numeric_wrong,CV,rf_geometric,CV,CV,CV,mechanical,N,0
M2_C1_KP5_T1_A_r01,B0634,C1,M2,numeric_wrong,CN,hardcoded_constant,CV,CN,CN,mechanical,Y,1
M3_C1_KP6_T1_B_r07,B0635,C1,M3,numeric_wrong,UNMATCHED,no_numeric_detail,CN,CD,CD,adjudicated:minimax-m3,N,0
M3_C1_KP3_T3_B_r06,B0636,C1,M3,numeric_wrong,UNMATCHED,unmatched,CN,CN,CN,ai_agree,N,0
M1_C3_KP5_T1_A_r02,B0637,C3,M1,numeric_wrong,CN,hardcoded_constant,CN,CN,CN,mechanical,N,1
M2_C3_KP4_T3_A_r01,B0638,C3,M2,defensible,CV,declared_alt:vega_approximation,CV,CV,CV,mechanical,N,0
M1_C1_KP3_T2_A_r03,B0639,C1,M1,numeric_wrong,CV,percent_x100,CV,CD,CV,mechanical,Y,0
M1_C1_KP1_T3_B_r09,B0640,C1,M1,numeric_wrong,CN,hardcoded_constant,CN,CN,CN,mechanical,N,1
M1_C1_KP1_T1_B_r10,B0641,C1,M1,numeric_wrong,UNMATCHED,unmatched,CN,CN,CN,ai_agree,N,0
M3_C3_KP3_T3_B_r07,B0642,C3,M3,numeric_wrong,CV,exact_repricing,CN,CN,CV,mechanical,N,0
M3_C3_KP1_T3_B_r08,B0643,C3,M3,numeric_wrong,CN,hardcoded_constant,CN,CN,CN,mechanical,N,1
M1_C2_KP3_T2_can_r03,B0644,C2,M1,numeric_wrong,UNMATCHED,unmatched,CN,CN,CN,ai_agree,Y,0
M1_C1_KP1_T2_B_r09,B0645,C1,M1,numeric_wrong,UNMATCHED,unmatched,CN,CN,CN,ai_agree,Y,0
M3_C1_KP1_T3_B_r07,B0646,C1,M3,numeric_wrong,CV,percent_x100,CN,CN,CV,mechanical,N,0
M1_C2_KP5_T2_can_r08,B0647,C2,M1,numeric_wrong,UNMATCHED,unmatched,CN,CN,CN,ai_agree,Y,0
M2_C1_KP2_T1_B_r08,B0648,C1,M2,numeric_wrong,CV,percent_x100,CV,CN,CV,mechanical,N,0
M3_C1_KP4_T1_B_r08,B0649,C1,M3,numeric_wrong,UNMATCHED,unmatched,CN,CN,CN,ai_agree,N,0
M1_C1_KP2_T3_B_r06,B0650,C1,M1,numeric_wrong,CV,rf_geometric,CN,CN,CV,mechanical,N,0
M2_C1_KP6_T2_A_r03,B0651,C1,M2,numeric_wrong,UNMATCHED,unmatched,CN,CD,CD,adjudicated:minimax-m3,N,0
M2_C1_KP6_T2_B_r08,B0652,C1,M2,numeric_wrong,UNMATCHED,unmatched,CN,CN,CN,ai_agree,Y,0
M2_C1_KP3_T3_A_r02,B0653,C1,M2,numeric_wrong,UNMATCHED,unmatched,CN,CN,CN,ai_agree,N,0
M3_C3_KP1_T1_B_r06,B0654,C3,M3,numeric_wrong,UNMATCHED,no_numeric_detail,CD,CD,CD,ai_agree,N,0
M1_C3_KP4_T2_A_r04,B0655,C3,M1,numeric_wrong,CN,hardcoded_constant,CN,CN,CN,mechanical,N,1
M1_C1_KP5_T1_B_r06,B0656,C1,M1,numeric_wrong,CV,currency_wan,CV,CN,CV,mechanical,Y,0
M3_C1_KP6_T2_B_r07,B0657,C1,M3,numeric_wrong,UNMATCHED,unmatched,CN,CV,CN,adjudicated:minimax-m3,N,0
M1_C1_KP1_T2_B_r06,B0658,C1,M1,numeric_wrong,UNMATCHED,unmatched,CN,CV,CN,adjudicated:minimax-m3,Y,0
M1_C1_KP4_T1_A_r05,B0659,C1,M1,numeric_wrong,CV,percent_d100,CV,CV,CV,mechanical,Y,0
M1_C3_KP1_T3_A_r01,B0660,C3,M1,numeric_wrong,UNMATCHED,unmatched,CN,CN,CN,ai_agree,Y,0
M1_C3_KP1_T1_A_r05,B0661,C3,M1,numeric_wrong,UNMATCHED,unmatched,CN,CD,CD,adjudicated:minimax-m3,N,0
M2_C3_KP5_T2_B_r09,B0662,C3,M2,numeric_wrong,UNMATCHED,unmatched,CN,CV,CN,adjudicated:minimax-m3,Y,0
M1_C1_KP5_T1_B_r08,B0663,C1,M1,numeric_wrong,UNMATCHED,unmatched,CN,CN,CN,ai_agree,N,0
M3_C2_KP2_T3_can_r03,B0664,C2,M3,numeric_wrong,CV,silent_alt:rf_geometric,CV,CV,CV,mechanical,Y,0
M3_C3_KP4_T1_B_r06,B0665,C3,M3,numeric_wrong,CV,discrete_discount,CN,CN,CV,mechanical,N,0
M3_C3_KP1_T3_A_r01,B0666,C3,M3,numeric_wrong,CN,hardcoded_constant,CN,CN,CN,mechanical,N,1
M2_C1_KP1_T3_B_r07,B0667,C1,M2,numeric_wrong,CN,hardcoded_constant,CN,CN,CN,mechanical,N,1
M1_C3_KP4_T3_B_r06,B0668,C3,M1,numeric_wrong,UNMATCHED,unmatched,CN,CN,CN,ai_agree,Y,0
M3_C1_KP6_T1_B_r08,B0669,C1,M3,numeric_wrong,UNMATCHED,no_numeric_detail,CD,CD,CD,ai_agree,N,0
M3_C3_KP2_T3_B_r08,B0670,C3,M3,numeric_wrong,CV,silent_alt:rf_geometric,CV,CV,CV,mechanical,N,0
M1_C2_KP3_T3_can_r04,B0671,C2,M1,numeric_wrong,UNMATCHED,unmatched,CN,CV,CN,adjudicated:minimax-m3,Y,0
M1_C2_KP2_T3_can_r07,B0672,C2,M1,numeric_wrong,CV,silent_alt:rf_geometric,CV,CV,CV,mechanical,N,0
M3_C1_KP4_T3_B_r10,B0673,C1,M3,numeric_wrong,CV,vega_approximation,CN,CN,CV,mechanical,N,0
M2_C2_KP1_T2_can_r08,B0674,C2,M2,numeric_wrong,CV,percent_x100,CV,CV,CV,mechanical,N,0
M1_C2_KP6_T1_can_r03,B0675,C2,M1,numeric_wrong,CV,rf_geometric,CV,CV,CV,mechanical,Y,0
M3_C3_KP2_T3_B_r09,B0676,C3,M3,numeric_wrong,CV,silent_alt:rf_geometric,CV,CV,CV,mechanical,N,0
M1_C3_KP5_T2_B_r09,B0677,C3,M1,numeric_wrong,UNMATCHED,unmatched,CN,CN,CN,ai_agree,Y,0
M1_C1_KP6_T2_B_r10,B0678,C1,M1,numeric_wrong,UNMATCHED,unmatched,CN,CV,CN,adjudicated:minimax-m3,N,0
M3_C3_KP2_T3_A_r05,B0679,C3,M3,numeric_wrong,CV,silent_alt:rf_geometric,CV,CV,CV,mechanical,N,0
M2_C3_KP5_T3_A_r02,B0680,C3,M2,numeric_wrong,CN,hardcoded_constant,CN,CN,CN,mechanical,N,1
M1_C1_KP3_T1_A_r04,B0681,C1,M1,numeric_wrong,UNMATCHED,unmatched,CN,CN,CN,ai_agree,Y,0
M1_C4_KP3_T1_can_r09,B0682,C4,M1,numeric_wrong,UNMATCHED,unmatched,CN,CN,CN,ai_agree,Y,0
M1_C3_KP3_T3_B_r10,B0683,C3,M1,numeric_wrong,UNMATCHED,unmatched,CN,CN,CN,ai_agree,N,0
M3_C3_KP6_T3_B_r10,B0684,C3,M3,numeric_wrong,UNMATCHED,no_numeric_detail,CN,CD,CD,adjudicated:minimax-m3,Y,0
M1_C2_KP6_T1_can_r01,B0685,C2,M1,numeric_wrong,CV,rf_geometric,CV,CV,CV,mechanical,Y,0
M3_C1_KP6_T2_A_r03,B0686,C1,M3,numeric_wrong,UNMATCHED,unmatched,CN,CV,CV,adjudicated:minimax-m3,N,0
