run_id,task_id,condition,model,bucket,mech_class,mech_detail,declared_auto
M1_C1_KP1_T1_A_r01,KP1_T1,C1,M1,numeric_wrong,UNMATCHED,unmatched,N
M1_C3_KP1_T1_A_r01,KP1_T1,C3,M1,numeric_wrong,UNMATCHED,unmatched,N
M3_C3_KP1_T1_A_r01,KP1_T1,C3,M3,numeric_wrong,UNMATCHED,unmatched,Y
M1_C1_KP1_T2_A_r01,KP1_T2,C1,M1,numeric_wrong,UNMATCHED,unmatched,N
M1_C3_KP1_T2_A_r01,KP1_T2,C3,M1,numeric_wrong,UNMATCHED,unmatched,Y
M1_C1_KP1_T3_A_r01,KP1_T3,C1,M1,numeric_wrong,UNMATCHED,unmatched,N
M1_C3_KP1_T3_A_r01,KP1_T3,C3,M1,numeric_wrong,UNMATCHED,unmatched,Y
M3_C1_KP1_T3_A_r01,KP1_T3,C1,M3,numeric_wrong,CN,hardcoded_constant,Y
M1_C1_KP2_T1_A_r01,KP2_T1,C1,M1,numeric_wrong,CV,percent_x100,N
M1_C1_KP2_T2_A_r01,KP2_T2,C1,M1,numeric_wrong,CV,percent_x100,N
M3_C3_KP1_T3_A_r01,KP1_T3,C3,M3,numeric_wrong,CN,hardcoded_constant,N
M1_C1_KP2_T3_A_r01,KP2_T3,C1,M1,numeric_wrong,CV,percent_x100,N
M1_C3_KP2_T3_A_r01,KP2_T3,C3,M1,numeric_wrong,CV,silent_alt:rf_geometric,N
M2_C3_KP2_T3_A_r01,KP2_T3,C3,M2,numeric_wrong,CV,silent_alt:rf_geometric,N
M1_C1_KP3_T1_A_r01,KP3_T1,C1,M1,numeric_wrong,UNMATCHED,unmatched,Y
M3_C2_KP2_T3_can_r01,KP2_T3,C2,M3,numeric_wrong,CV,silent_alt:rf_geometric,N
M1_C3_KP3_T1_A_r01,KP3_T1,C3,M1,numeric_wrong,UNMATCHED,unmatched,Y
M1_C1_KP3_T2_A_r01,KP3_T2,C1,M1,numeric_wrong,CV,percent_x100,Y
M3_C1_KP3_T1_A_r01,KP3_T1,C1,M3,numeric_wrong,UNMATCHED,unmatched,Y
M3_C3_KP2_T3_A_r01,KP2_T3,C3,M3,numeric_wrong,CV,silent_alt:rf_geometric,N
M1_C2_KP3_T2_can_r01,KP3_T2,C2,M1,numeric_wrong,CV,percent_x100,Y
M1_C1_KP3_T3_A_r01,KP3_T3,C1,M1,numeric_wrong,UNMATCHED,unmatched,Y
M3_C3_KP3_T1_A_r01,KP3_T1,C3,M3,numeric_wrong,CN,hardcoded_constant,Y
M1_C2_KP3_T3_can_r01,KP3_T3,C2,M1,numeric_wrong,UNMATCHED,unmatched,Y
M1_C3_KP3_T3_A_r01,KP3_T3,C3,M1,numeric_wrong,UNMATCHED,unmatched,Y
M2_C3_KP3_T3_A_r01,KP3_T3,C3,M2,numeric_wrong,UNMATCHED,unmatched,N
M1_C1_KP4_T1_A_r01,KP4_T1,C1,M1,numeric_wrong,CV,percent_d100,N
M1_C2_KP4_T1_can_r01,KP4_T1,C2,M1,numeric_wrong,CV,percent_d100,N
M2_C2_KP3_T3_can_r01,KP3_T3,C2,M2,numeric_wrong,UNMATCHED,unmatched,Y
M1_C3_KP4_T1_A_r01,KP4_T1,C3,M1,numeric_wrong,CV,percent_d100,N
M1_C4_KP4_T1_can_r01,KP4_T1,C4,M1,numeric_wrong,CV,percent_d100,Y
M3_C2_KP3_T3_can_r01,KP3_T3,C2,M3,numeric_wrong,UNMATCHED,unmatched,Y
M3_C1_KP4_T1_A_r01,KP4_T1,C1,M3,numeric_wrong,UNMATCHED,unmatched,Y
M2_C1_KP4_T3_A_r01,KP4_T3,C1,M2,numeric_wrong,CV,vega_approximation,N
M3_C1_KP3_T3_A_r01,KP3_T3,C1,M3,numeric_wrong,UNMATCHED,unmatched,N
M3_C3_KP4_T1_A_r01,KP4_T1,C3,M3,numeric_wrong,CN,hardcoded_constant,Y
M1_C3_KP4_T3_A_r01,KP4_T3,C3,M1,defensible,CV,declared_alt:vega_approximation,N
M2_C3_KP4_T3_A_r01,KP4_T3,C3,M2,defensible,CV,declared_alt:vega_approximation,N
M1_C1_KP5_T1_A_r01,KP5_T1,C1,M1,numeric_wrong,CV,currency_wan,Y
M2_C1_KP5_T1_A_r01,KP5_T1,C1,M2,numeric_wrong,CN,hardcoded_constant,Y
M3_C1_KP5_T1_A_r01,KP5_T1,C1,M3,numeric_wrong,CN,hardcoded_constant,Y
M2_C1_KP4_T1_A_r01,KP4_T1,C1,M2,numeric_wrong,CN,hardcoded_constant,N
M1_C1_KP5_T2_A_r01,KP5_T2,C1,M1,numeric_wrong,UNMATCHED,unmatched,Y
M3_C1_KP5_T2_A_r01,KP5_T2,C1,M3,numeric_wrong,UNMATCHED,unmatched,N
M1_C3_KP5_T2_A_r01,KP5_T2,C3,M1,numeric_wrong,UNMATCHED,unmatched,Y
M3_C3_KP5_T2_A_r01,KP5_T2,C3,M3,numeric_wrong,UNMATCHED,unmatched,N
M1_C1_KP5_T3_A_r01,KP5_T3,C1,M1,numeric_wrong,CN,hardcoded_constant,Y
M1_C2_KP5_T3_can_r01,KP5_T3,C2,M1,numeric_wrong,CV,sign_flip,Y
M1_C3_KP5_T3_A_r01,KP5_T3,C3,M1,numeric_wrong,UNMATCHED,unmatched,Y
M2_C1_KP6_T1_A_r01,KP6_T1,C1,M2,numeric_wrong,UNMATCHED,no_numeric_detail,N
M1_C2_KP6_T1_can_r01,KP6_T1,C2,M1,numeric_wrong,CV,rf_geometric,Y
M2_C3_KP6_T1_A_r01,KP6_T1,C3,M2,numeric_wrong,UNMATCHED,no_numeric_detail,N
M3_C1_KP6_T1_A_r01,KP6_T1,C1,M3,numeric_wrong,UNMATCHED,no_numeric_detail,N
M1_C1_KP6_T2_A_r01,KP6_T2,C1,M1,numeric_wrong,UNMATCHED,unmatched,Y
M3_C3_KP6_T1_A_r01,KP6_T1,C3,M3,numeric_wrong,UNMATCHED,no_numeric_detail,N
M3_C2_KP4_T3_can_r01,KP4_T3,C2,M3,defensible,CV,declared_alt:vega_approximation,N
M1_C3_KP6_T2_A_r01,KP6_T2,C3,M1,numeric_wrong,UNMATCHED,unmatched,Y
M1_C4_KP6_T2_can_r01,KP6_T2,C4,M1,numeric_wrong,UNMATCHED,unmatched,Y
M3_C1_KP4_T3_A_r01,KP4_T3,C1,M3,numeric_wrong,CV,vega_approximation,N
M1_C2_KP6_T3_can_r01,KP6_T3,C2,M1,numeric_wrong,CV,silent_alt:rf_geometric,N
M2_C1_KP6_T3_A_r01,KP6_T3,C1,M2,numeric_wrong,UNMATCHED,no_numeric_detail,N
M2_C3_KP6_T3_A_r01,KP6_T3,C3,M2,numeric_wrong,UNMATCHED,no_numeric_detail,Y
M1_C1_KP1_T1_A_r02,KP1_T1,C1,M1,numeric_wrong,UNMATCHED,unmatched,N
M3_C2_KP6_T3_can_r01,KP6_T3,C2,M3,numeric_wrong,UNMATCHED,unmatched,Y
M3_C2_KP6_T2_can_r01,KP6_T2,C2,M3,numeric_wrong,UNMATCHED,unmatched,Y
M1_C3_KP1_T1_A_r02,KP1_T1,C3,M1,numeric_wrong,UNMATCHED,unmatched,N
M1_C3_KP1_T2_A_r02,KP1_T2,C3,M1,numeric_wrong,UNMATCHED,unmatched,Y
M3_C3_KP1_T1_A_r02,KP1_T1,C3,M3,numeric_wrong,UNMATCHED,no_numeric_detail,Y
M1_C1_KP1_T3_A_r02,KP1_T3,C1,M1,numeric_wrong,CV,percent_x100,N
M3_C3_KP3_T3_A_r01,KP3_T3,C3,M3,numeric_wrong,UNMATCHED,unmatched,Y
M1_C1_KP2_T1_A_r02,KP2_T1,C1,M1,numeric_wrong,CV,percent_x100,N
M3_C1_KP1_T3_A_r02,KP1_T3,C1,M3,numeric_wrong,CV,percent_x100,Y
M3_C2_KP1_T3_can_r02,KP1_T3,C2,M3,numeric_wrong,CN,hardcoded_constant,Y
M2_C2_KP2_T1_can_r02,KP2_T1,C2,M2,numeric_wrong,CV,percent_x100,Y
M1_C1_KP2_T2_A_r02,KP2_T2,C1,M1,numeric_wrong,CV,percent_x100,N
M3_C1_KP2_T2_A_r02,KP2_T2,C1,M3,numeric_wrong,CN,hardcoded_constant,N
M3_C3_KP1_T3_A_r02,KP1_T3,C3,M3,numeric_wrong,CN,hardcoded_constant,Y
M1_C1_KP2_T3_A_r02,KP2_T3,C1,M1,numeric_wrong,CV,percent_x100,N
M2_C2_KP2_T2_can_r02,KP2_T2,C2,M2,numeric_wrong,CV,percent_x100,N
M1_C3_KP2_T3_A_r02,KP2_T3,C3,M1,numeric_wrong,CV,silent_alt:rf_geometric,N
M2_C2_KP2_T3_can_r02,KP2_T3,C2,M2,numeric_wrong,CV,silent_alt:rf_geometric,N
M3_C2_KP2_T2_can_r02,KP2_T2,C2,M3,numeric_wrong,CV,percent_x100,Y
M2_C3_KP2_T3_A_r02,KP2_T3,C3,M2,numeric_wrong,CV,silent_alt:rf_geometric,N
M3_C2_KP2_T3_can_r02,KP2_T3,C2,M3,numeric_wrong,CV,silent_alt:rf_geometric,N
M1_C1_KP3_T1_A_r02,KP3_T1,C1,M1,numeric_wrong,UNMATCHED,unmatched,Y
M1_C3_KP3_T1_A_r02,KP3_T1,C3,M1,numeric_wrong,UNMATCHED,unmatched,Y
M3_C3_KP2_T3_A_r02,KP2_T3,C3,M3,numeric_wrong,CV,silent_alt:rf_geometric,N
M1_C1_KP3_T2_A_r02,KP3_T2,C1,M1,numeric_wrong,CV,percent_x100,Y
M1_C2_KP3_T2_can_r02,KP3_T2,C2,M1,numeric_wrong,UNMATCHED,unmatched,Y
M1_C1_KP3_T3_A_r02,KP3_T3,C1,M1,numeric_wrong,UNMATCHED,unmatched,Y
M2_C1_KP3_T3_A_r02,KP3_T3,C1,M2,numeric_wrong,UNMATCHED,unmatched,N
M1_C2_KP3_T3_can_r02,KP3_T3,C2,M1,numeric_wrong,UNMATCHED,unmatched,Y
M1_C3_KP3_T3_A_r02,KP3_T3,C3,M1,numeric_wrong,UNMATCHED,unmatched,N
M2_C2_KP3_T3_can_r02,KP3_T3,C2,M2,numeric_wrong,UNMATCHED,unmatched,Y
M3_C2_KP3_T3_can_r02,KP3_T3,C2,M3,numeric_wrong,CV,silent_alt:duration_plus_convexity,N
M1_C1_KP4_T1_A_r02,KP4_T1,C1,M1,numeric_wrong,CV,percent_d100,N
M2_C3_KP3_T2_A_r02,KP3_T2,C3,M2,numeric_wrong,CN,hardcoded_constant,N
M3_C1_KP3_T1_A_r02,KP3_T1,C1,M3,numeric_wrong,CN,hardcoded_constant,Y
M3_C1_KP4_T1_A_r02,KP4_T1,C1,M3,numeric_wrong,CN,hardcoded_constant,N
M2_C3_KP3_T3_A_r02,KP3_T3,C3,M2,numeric_wrong,CV,silent_alt:exact_repricing,N
M1_C2_KP4_T1_can_r02,KP4_T1,C2,M1,numeric_wrong,CV,percent_d100,N
M1_C3_KP4_T1_A_r02,KP4_T1,C3,M1,numeric_wrong,CV,percent_d100,N
M1_C4_KP4_T1_can_r02,KP4_T1,C4,M1,numeric_wrong,CV,percent_d100,N
M3_C3_KP3_T3_A_r02,KP3_T3,C3,M3,numeric_wrong,UNMATCHED,unmatched,Y
M2_C3_KP4_T1_A_r02,KP4_T1,C3,M2,numeric_wrong,CV,discrete_discount,N
M3_C3_KP4_T1_A_r02,KP4_T1,C3,M3,numeric_wrong,UNMATCHED,unmatched,N
M1_C1_KP4_T3_A_r02,KP4_T3,C1,M1,numeric_wrong,UNMATCHED,unmatched,Y
M2_C3_KP4_T2_A_r02,KP4_T2,C3,M2,numeric_wrong,CN,hardcoded_constant,Y
M1_C3_KP4_T3_A_r02,KP4_T3,C3,M1,defensible,CV,declared_alt:vega_approximation,N
M3_C1_KP4_T3_A_r02,KP4_T3,C1,M3,numeric_wrong,CV,vega_approximation,N
M2_C2_KP4_T3_can_r02,KP4_T3,C2,M2,defensible,CV,declared_alt:vega_approximation,N
M2_C1_KP4_T3_A_r02,KP4_T3,C1,M2,numeric_wrong,CV,vega_approximation,N
M1_C1_KP5_T1_A_r02,KP5_T1,C1,M1,numeric_wrong,CN,hardcoded_constant,Y
M2_C1_KP4_T1_A_r02,KP4_T1,C1,M2,numeric_wrong,UNMATCHED,unmatched,N
M2_C3_KP4_T3_A_r02,KP4_T3,C3,M2,defensible,CV,declared_alt:vega_approximation,N
M1_C2_KP5_T1_can_r02,KP5_T1,C2,M1,numeric_wrong,CV,sign_flip,Y
M3_C3_KP4_T3_A_r02,KP4_T3,C3,M3,numeric_wrong,CN,hardcoded_constant,N
M1_C3_KP5_T1_A_r02,KP5_T1,C3,M1,numeric_wrong,CN,hardcoded_constant,N
M1_C1_KP5_T2_A_r02,KP5_T2,C1,M1,numeric_wrong,UNMATCHED,unmatched,Y
M1_C2_KP5_T2_can_r02,KP5_T2,C2,M1,numeric_wrong,CV,sign_flip,Y
M3_C1_KP5_T1_A_r02,KP5_T1,C1,M3,numeric_wrong,CN,hardcoded_constant,Y
M1_C3_KP5_T2_A_r02,KP5_T2,C3,M1,numeric_wrong,UNMATCHED,unmatched,Y
M3_C3_KP5_T1_A_r02,KP5_T1,C3,M3,numeric_wrong,CN,hardcoded_constant,Y
M2_C1_KP5_T3_A_r02,KP5_T3,C1,M2,numeric_wrong,UNMATCHED,unmatched,Y
M3_C1_KP3_T3_A_r02,KP3_T3,C1,M3,numeric_wrong,UNMATCHED,unmatched,Y
M1_C2_KP5_T3_can_r02,KP5_T3,C2,M1,numeric_wrong,CV,sign_flip,Y
M1_C3_KP5_T3_A_r02,KP5_T3,C3,M1,numeric_wrong,UNMATCHED,unmatched,Y
M2_C3_KP5_T3_A_r02,KP5_T3,C3,M2,numeric_wrong,CN,hardcoded_constant,N
M3_C3_KP5_T3_A_r02,KP5_T3,C3,M3,numeric_wrong,CN,hardcoded_constant,Y
M1_C2_KP6_T1_can_r02,KP6_T1,C2,M1,numeric_wrong,CV,rf_geometric,Y
M3_C3_KP5_T2_A_r02,KP5_T2,C3,M3,numeric_wrong,UNMATCHED,unmatched,N
M1_C1_KP6_T2_A_r02,KP6_T2,C1,M1,numeric_wrong,UNMATCHED,unmatched,Y
M1_C2_KP6_T2_can_r02,KP6_T2,C2,M1,numeric_wrong,UNMATCHED,unmatched,Y
M1_C3_KP6_T2_A_r02,KP6_T2,C3,M1,numeric_wrong,UNMATCHED,unmatched,Y
M1_C4_KP6_T2_can_r02,KP6_T2,C4,M1,numeric_wrong,UNMATCHED,unmatched,Y
M2_C3_KP6_T1_A_r02,KP6_T1,C3,M2,numeric_wrong,UNMATCHED,no_numeric_detail,Y
M3_C3_KP6_T1_A_r02,KP6_T1,C3,M3,numeric_wrong,UNMATCHED,no_numeric_detail,Y
M3_C1_KP6_T1_A_r02,KP6_T1,C1,M3,numeric_wrong,UNMATCHED,no_numeric_detail,N
M2_C1_KP6_T3_A_r02,KP6_T3,C1,M2,numeric_wrong,UNMATCHED,no_numeric_detail,N
M1_C1_KP1_T1_A_r03,KP1_T1,C1,M1,numeric_wrong,UNMATCHED,unmatched,N
M1_C3_KP1_T1_A_r03,KP1_T1,C3,M1,numeric_wrong,UNMATCHED,unmatched,N
M1_C1_KP1_T2_A_r03,KP1_T2,C1,M1,numeric_wrong,CN,hardcoded_constant,N
M3_C2_KP4_T3_can_r02,KP4_T3,C2,M3,defensible,CV,declared_alt:vega_approximation,N
M1_C1_KP1_T3_A_r03,KP1_T3,C1,M1,numeric_wrong,CV,percent_x100,N
M1_C1_KP2_T1_A_r03,KP2_T1,C1,M1,numeric_wrong,CV,percent_x100,N
M3_C1_KP1_T3_A_r03,KP1_T3,C1,M3,numeric_wrong,CV,percent_x100,Y
M3_C3_KP1_T3_A_r03,KP1_T3,C3,M3,numeric_wrong,CN,hardcoded_constant,Y
M1_C1_KP2_T2_A_r03,KP2_T2,C1,M1,numeric_wrong,CV,percent_x100,N
M3_C2_KP6_T3_can_r02,KP6_T3,C2,M3,numeric_wrong,UNMATCHED,unmatched,Y
M3_C1_KP2_T2_A_r03,KP2_T2,C1,M3,numeric_wrong,CV,percent_x100,N
M2_C3_KP2_T3_A_r03,KP2_T3,C3,M2,numeric_wrong,CV,silent_alt:rf_geometric,N
M1_C1_KP3_T1_A_r03,KP3_T1,C1,M1,numeric_wrong,UNMATCHED,unmatched,Y
M3_C2_KP2_T3_can_r03,KP2_T3,C2,M3,numeric_wrong,CV,silent_alt:rf_geometric,N
M1_C4_KP3_T1_can_r03,KP3_T1,C4,M1,numeric_wrong,UNMATCHED,unmatched,Y
M2_C3_KP3_T1_A_r03,KP3_T1,C3,M2,numeric_wrong,CN,hardcoded_constant,Y
M1_C3_KP3_T1_A_r03,KP3_T1,C3,M1,numeric_wrong,UNMATCHED,unmatched,Y
M3_C3_KP2_T3_A_r03,KP2_T3,C3,M3,numeric_wrong,CV,silent_alt:rf_geometric,N
M1_C1_KP3_T2_A_r03,KP3_T2,C1,M1,numeric_wrong,CV,percent_x100,Y
M1_C2_KP3_T2_can_r03,KP3_T2,C2,M1,numeric_wrong,UNMATCHED,unmatched,Y
M3_C2_KP3_T2_can_r03,KP3_T2,C2,M3,numeric_wrong,CN,hardcoded_constant,Y
M1_C1_KP3_T3_A_r03,KP3_T3,C1,M1,numeric_wrong,UNMATCHED,unmatched,Y
M1_C2_KP3_T3_can_r03,KP3_T3,C2,M1,numeric_wrong,UNMATCHED,unmatched,Y
M1_C3_KP3_T3_A_r03,KP3_T3,C3,M1,numeric_wrong,UNMATCHED,unmatched,Y
M2_C3_KP3_T3_A_r03,KP3_T3,C3,M2,numeric_wrong,UNMATCHED,unmatched,N
M2_C2_KP3_T3_can_r03,KP3_T3,C2,M2,numeric_wrong,UNMATCHED,unmatched,Y
M1_C1_KP4_T1_A_r03,KP4_T1,C1,M1,numeric_wrong,CV,percent_d100,N
M1_C2_KP4_T1_can_r03,KP4_T1,C2,M1,numeric_wrong,CV,percent_d100,N
M1_C3_KP4_T1_A_r03,KP4_T1,C3,M1,numeric_wrong,CV,percent_d100,N
M1_C4_KP4_T1_can_r03,KP4_T1,C4,M1,numeric_wrong,CV,percent_d100,N
M3_C1_KP3_T3_A_r03,KP3_T3,C1,M3,numeric_wrong,UNMATCHED,unmatched,N
M3_C3_KP3_T3_A_r03,KP3_T3,C3,M3,numeric_wrong,UNMATCHED,unmatched,Y
M3_C3_KP4_T1_A_r03,KP4_T1,C3,M3,numeric_wrong,CN,hardcoded_constant,N
M1_C1_KP4_T3_A_r03,KP4_T3,C1,M1,numeric_wrong,UNMATCHED,unmatched,Y
M1_C3_KP4_T3_A_r03,KP4_T3,C3,M1,defensible,CV,declared_alt:vega_approximation,N
M3_C2_KP4_T3_can_r03,KP4_T3,C2,M3,defensible,CV,declared_alt:vega_approximation,Y
M2_C3_KP4_T1_A_r03,KP4_T1,C3,M2,numeric_wrong,CV,discrete_discount,Y
M1_C1_KP5_T1_A_r03,KP5_T1,C1,M1,numeric_wrong,UNMATCHED,unmatched,Y
M2_C2_KP4_T3_can_r03,KP4_T3,C2,M2,defensible,CV,declared_alt:vega_approximation,N
M1_C3_KP5_T1_A_r03,KP5_T1,C3,M1,numeric_wrong,UNMATCHED,unmatched,N
M1_C1_KP5_T2_A_r03,KP5_T2,C1,M1,numeric_wrong,UNMATCHED,unmatched,Y
M3_C3_KP5_T1_A_r03,KP5_T1,C3,M3,numeric_wrong,CN,hardcoded_constant,Y
M1_C3_KP5_T2_A_r03,KP5_T2,C3,M1,numeric_wrong,UNMATCHED,unmatched,Y
M2_C3_KP4_T3_A_r03,KP4_T3,C3,M2,defensible,CV,declared_alt:vega_approximation,N
M3_C1_KP5_T2_A_r03,KP5_T2,C1,M3,numeric_wrong,UNMATCHED,unmatched,Y
M1_C2_KP5_T3_can_r03,KP5_T3,C2,M1,numeric_wrong,CV,sign_flip,Y
M3_C3_KP5_T3_A_r03,KP5_T3,C3,M3,numeric_wrong,CN,hardcoded_constant,Y
M3_C3_KP5_T2_A_r03,KP5_T2,C3,M3,numeric_wrong,UNMATCHED,unmatched,Y
M1_C2_KP6_T1_can_r03,KP6_T1,C2,M1,numeric_wrong,CV,rf_geometric,Y
M2_C1_KP6_T1_A_r03,KP6_T1,C1,M2,numeric_wrong,CV,percent_x100,N
M1_C1_KP6_T2_A_r03,KP6_T2,C1,M1,numeric_wrong,UNMATCHED,unmatched,Y
M2_C3_KP6_T1_A_r03,KP6_T1,C3,M2,numeric_wrong,UNMATCHED,no_numeric_detail,Y
M3_C1_KP6_T2_A_r03,KP6_T2,C1,M3,numeric_wrong,UNMATCHED,unmatched,Y
M2_C3_KP6_T2_A_r03,KP6_T2,C3,M2,numeric_wrong,UNMATCHED,unmatched,Y
M1_C4_KP6_T2_can_r03,KP6_T2,C4,M1,numeric_wrong,UNMATCHED,unmatched,Y
M3_C1_KP4_T3_A_r03,KP4_T3,C1,M3,numeric_wrong,CN,hardcoded_constant,N
M3_C3_KP6_T1_A_r03,KP6_T1,C3,M3,numeric_wrong,UNMATCHED,unmatched,Y
M2_C1_KP6_T2_A_r03,KP6_T2,C1,M2,numeric_wrong,UNMATCHED,unmatched,N
M1_C2_KP6_T3_can_r03,KP6_T3,C2,M1,numeric_wrong,CV,silent_alt:rf_geometric,N
M3_C1_KP6_T1_A_r03,KP6_T1,C1,M3,numeric_wrong,UNMATCHED,no_numeric_detail,Y
M1_C1_KP1_T1_A_r04,KP1_T1,C1,M1,numeric_wrong,UNMATCHED,unmatched,N
M1_C3_KP1_T1_A_r04,KP1_T1,C3,M1,numeric_wrong,UNMATCHED,unmatched,Y
M1_C3_KP1_T2_A_r04,KP1_T2,C3,M1,numeric_wrong,UNMATCHED,unmatched,Y
M2_C3_KP1_T2_A_r04,KP1_T2,C3,M2,vis_failure,VZ,figure_missing,Y
M1_C1_KP1_T3_A_r04,KP1_T3,C1,M1,numeric_wrong,UNMATCHED,unmatched,N
M3_C2_KP6_T3_can_r03,KP6_T3,C2,M3,numeric_wrong,UNMATCHED,unmatched,Y
M1_C3_KP1_T3_A_r04,KP1_T3,C3,M1,numeric_wrong,UNMATCHED,unmatched,Y
M1_C1_KP2_T1_A_r04,KP2_T1,C1,M1,numeric_wrong,CV,percent_x100,N
M2_C1_KP2_T1_A_r04,KP2_T1,C1,M2,numeric_wrong,CV,percent_x100,N
M1_C1_KP2_T2_A_r04,KP2_T2,C1,M1,numeric_wrong,CV,percent_x100,N
M3_C1_KP2_T1_A_r04,KP2_T1,C1,M3,numeric_wrong,CV,percent_x100,Y
M1_C2_KP2_T3_can_r04,KP2_T3,C2,M1,numeric_wrong,CV,silent_alt:rf_geometric,N
M1_C3_KP2_T3_A_r04,KP2_T3,C3,M1,numeric_wrong,CV,silent_alt:rf_geometric,N
M1_C1_KP3_T1_A_r04,KP3_T1,C1,M1,numeric_wrong,UNMATCHED,unmatched,Y
M1_C3_KP3_T1_A_r04,KP3_T1,C3,M1,numeric_wrong,UNMATCHED,unmatched,Y
M1_C1_KP3_T2_A_r04,KP3_T2,C1,M1,numeric_wrong,CV,percent_x100,Y
M2_C3_KP2_T3_A_r04,KP2_T3,C3,M2,numeric_wrong,CV,silent_alt:rf_geometric,N
M1_C2_KP3_T2_can_r04,KP3_T2,C2,M1,numeric_wrong,UNMATCHED,unmatched,Y
M3_C1_KP3_T1_A_r04,KP3_T1,C1,M3,numeric_wrong,CN,hardcoded_constant,Y
M1_C1_KP3_T3_A_r04,KP3_T3,C1,M1,numeric_wrong,UNMATCHED,unmatched,N
M3_C3_KP3_T1_A_r04,KP3_T1,C3,M3,numeric_wrong,CN,hardcoded_constant,Y
M3_C3_KP2_T3_A_r04,KP2_T3,C3,M3,numeric_wrong,CV,silent_alt:rf_geometric,N
M1_C2_KP3_T3_can_r04,KP3_T3,C2,M1,numeric_wrong,UNMATCHED,unmatched,Y
M1_C3_KP3_T3_A_r04,KP3_T3,C3,M1,numeric_wrong,UNMATCHED,unmatched,Y
M2_C2_KP3_T3_can_r04,KP3_T3,C2,M2,numeric_wrong,UNMATCHED,unmatched,Y
M2_C3_KP3_T3_A_r04,KP3_T3,C3,M2,numeric_wrong,UNMATCHED,unmatched,N
M1_C1_KP4_T1_A_r04,KP4_T1,C1,M1,numeric_wrong,CV,percent_d100,N
M1_C2_KP4_T1_can_r04,KP4_T1,C2,M1,numeric_wrong,CV,percent_d100,N
M3_C1_KP3_T2_A_r04,KP3_T2,C1,M3,numeric_wrong,CN,hardcoded_constant,N
M1_C3_KP4_T1_A_r04,KP4_T1,C3,M1,numeric_wrong,CV,percent_d100,N
M3_C1_KP4_T1_A_r04,KP4_T1,C1,M3,numeric_wrong,UNMATCHED,unmatched,N
M3_C2_KP3_T3_can_r04,KP3_T3,C2,M3,numeric_wrong,UNMATCHED,unmatched,Y
M1_C3_KP4_T2_A_r04,KP4_T2,C3,M1,numeric_wrong,CN,hardcoded_constant,N
M3_C3_KP3_T3_A_r04,KP3_T3,C3,M3,numeric_wrong,UNMATCHED,unmatched,Y
M3_C3_KP4_T1_A_r04,KP4_T1,C3,M3,numeric_wrong,CN,hardcoded_constant,N
M1_C1_KP4_T3_A_r04,KP4_T3,C1,M1,numeric_wrong,UNMATCHED,unmatched,Y
M2_C2_KP4_T3_can_r04,KP4_T3,C2,M2,defensible,CV,declared_alt:vega_approximation,N
M1_C3_KP4_T3_A_r04,KP4_T3,C3,M1,defensible,CV,declared_alt:vega_approximation,N
M2_C3_KP4_T3_A_r04,KP4_T3,C3,M2,numeric_wrong,CV,vega_approximation,N
M1_C1_KP5_T1_A_r04,KP5_T1,C1,M1,numeric_wrong,CV,currency_wan,N
M2_C1_KP5_T1_A_r04,KP5_T1,C1,M2,numeric_wrong,CN,hardcoded_constant,N
M3_C1_KP5_T1_A_r04,KP5_T1,C1,M3,numeric_wrong,CN,hardcoded_constant,Y
M1_C1_KP5_T2_A_r04,KP5_T2,C1,M1,numeric_wrong,UNMATCHED,unmatched,Y
M2_C3_KP5_T1_A_r04,KP5_T1,C3,M2,numeric_wrong,CN,hardcoded_constant,N
M3_C3_KP5_T1_A_r04,KP5_T1,C3,M3,numeric_wrong,CN,hardcoded_constant,Y
M1_C2_KP5_T2_can_r04,KP5_T2,C2,M1,numeric_wrong,CV,sign_flip,Y
M3_C2_KP4_T3_can_r04,KP4_T3,C2,M3,defensible,CV,declared_alt:vega_approximation,Y
M3_C3_KP4_T3_A_r04,KP4_T3,C3,M3,numeric_wrong,CV,vega_approximation,N
M1_C3_KP5_T2_A_r04,KP5_T2,C3,M1,numeric_wrong,UNMATCHED,unmatched,Y
M3_C1_KP5_T2_A_r04,KP5_T2,C1,M3,numeric_wrong,UNMATCHED,unmatched,Y
M1_C2_KP5_T3_can_r04,KP5_T3,C2,M1,numeric_wrong,CV,sign_flip,Y
M3_C3_KP5_T2_A_r04,KP5_T2,C3,M3,numeric_wrong,UNMATCHED,unmatched,Y
M1_C4_KP5_T3_can_r04,KP5_T3,C4,M1,numeric_wrong,CV,sign_flip,Y
M1_C2_KP6_T1_can_r04,KP6_T1,C2,M1,numeric_wrong,CV,rf_geometric,Y
M2_C1_KP6_T1_A_r04,KP6_T1,C1,M2,numeric_wrong,UNMATCHED,unmatched,Y
M1_C1_KP6_T2_A_r04,KP6_T2,C1,M1,numeric_wrong,UNMATCHED,unmatched,Y
M2_C3_KP6_T1_A_r04,KP6_T1,C3,M2,numeric_wrong,UNMATCHED,no_numeric_detail,N
M3_C1_KP6_T2_A_r04,KP6_T2,C1,M3,numeric_wrong,UNMATCHED,unmatched,N
M1_C2_KP6_T2_can_r04,KP6_T2,C2,M1,numeric_wrong,UNMATCHED,unmatched,Y
M3_C1_KP6_T1_A_r04,KP6_T1,C1,M3,numeric_wrong,UNMATCHED,no_numeric_detail,Y
M3_C3_KP6_T1_A_r04,KP6_T1,C3,M3,numeric_wrong,UNMATCHED,no_numeric_detail,Y
M1_C3_KP6_T2_A_r04,KP6_T2,C3,M1,numeric_wrong,UNMATCHED,unmatched,Y
M1_C4_KP6_T2_can_r04,KP6_T2,C4,M1,numeric_wrong,UNMATCHED,unmatched,N
M2_C1_KP6_T2_A_r04,KP6_T2,C1,M2,numeric_wrong,UNMATCHED,unmatched,N
M3_C1_KP3_T3_A_r04,KP3_T3,C1,M3,numeric_wrong,UNMATCHED,unmatched,Y
M3_C2_KP6_T1_can_r04,KP6_T1,C2,M3,numeric_wrong,CV,rf_geometric,Y
M1_C2_KP6_T3_can_r04,KP6_T3,C2,M1,numeric_wrong,CV,rf_geometric,Y
M1_C1_KP1_T1_A_r05,KP1_T1,C1,M1,numeric_wrong,UNMATCHED,unmatched,N
M1_C3_KP1_T1_A_r05,KP1_T1,C3,M1,numeric_wrong,UNMATCHED,unmatched,N
M3_C3_KP6_T2_A_r04,KP6_T2,C3,M3,numeric_wrong,UNMATCHED,unmatched,Y
M2_C1_KP1_T2_A_r05,KP1_T2,C1,M2,numeric_wrong,UNMATCHED,unmatched,N
M1_C3_KP1_T2_A_r05,KP1_T2,C3,M1,numeric_wrong,UNMATCHED,unmatched,Y
M1_C1_KP1_T3_A_r05,KP1_T3,C1,M1,numeric_wrong,CV,percent_x100,N
M1_C3_KP1_T3_A_r05,KP1_T3,C3,M1,numeric_wrong,UNMATCHED,unmatched,Y
M3_C1_KP1_T3_A_r05,KP1_T3,C1,M3,numeric_wrong,CV,percent_x100,N
M1_C1_KP2_T1_A_r05,KP2_T1,C1,M1,numeric_wrong,CV,percent_x100,N
M3_C3_KP1_T3_A_r05,KP1_T3,C3,M3,numeric_wrong,CN,hardcoded_constant,N
M1_C1_KP2_T2_A_r05,KP2_T2,C1,M1,numeric_wrong,CV,percent_x100,N
M1_C1_KP2_T3_A_r05,KP2_T3,C1,M1,numeric_wrong,CV,percent_x100,N
M3_C3_KP2_T3_A_r05,KP2_T3,C3,M3,numeric_wrong,CV,silent_alt:rf_geometric,N
M1_C1_KP3_T1_A_r05,KP3_T1,C1,M1,numeric_wrong,UNMATCHED,unmatched,Y
M2_C3_KP2_T3_A_r05,KP2_T3,C3,M2,numeric_wrong,CV,silent_alt:rf_geometric,N
M1_C3_KP3_T1_A_r05,KP3_T1,C3,M1,numeric_wrong,UNMATCHED,unmatched,Y
M3_C2_KP2_T3_can_r05,KP2_T3,C2,M3,numeric_wrong,CV,silent_alt:rf_geometric,N
M1_C1_KP3_T2_A_r05,KP3_T2,C1,M1,numeric_wrong,CV,percent_x100,Y
M1_C2_KP3_T2_can_r05,KP3_T2,C2,M1,numeric_wrong,UNMATCHED,unmatched,Y
M1_C1_KP3_T3_A_r05,KP3_T3,C1,M1,numeric_wrong,UNMATCHED,unmatched,Y
M3_C1_KP3_T3_A_r05,KP3_T3,C1,M3,numeric_wrong,UNMATCHED,unmatched,Y
M1_C2_KP3_T3_can_r05,KP3_T3,C2,M1,numeric_wrong,UNMATCHED,unmatched,Y
M1_C3_KP3_T3_A_r05,KP3_T3,C3,M1,numeric_wrong,UNMATCHED,unmatched,N
M2_C2_KP3_T3_can_r05,KP3_T3,C2,M2,numeric_wrong,UNMATCHED,unmatched,Y
M3_C3_KP3_T3_A_r05,KP3_T3,C3,M3,numeric_wrong,UNMATCHED,unmatched,Y
M1_C1_KP4_T1_A_r05,KP4_T1,C1,M1,numeric_wrong,CV,percent_d100,N
M1_C2_KP4_T1_can_r05,KP4_T1,C2,M1,numeric_wrong,CV,percent_d100,N
M2_C3_KP3_T3_A_r05,KP3_T3,C3,M2,numeric_wrong,CV,silent_alt:exact_repricing,N
M3_C2_KP3_T3_can_r05,KP3_T3,C2,M3,defensible,CV,declared_alt:duration_plus_convexity,Y
M1_C3_KP4_T1_A_r05,KP4_T1,C3,M1,numeric_wrong,CV,percent_d100,N
M1_C4_KP4_T1_can_r05,KP4_T1,C4,M1,numeric_wrong,CV,percent_d100,N
M3_C3_KP4_T1_A_r05,KP4_T1,C3,M3,numeric_wrong,UNMATCHED,unmatched,Y
M1_C1_KP4_T3_A_r05,KP4_T3,C1,M1,numeric_wrong,UNMATCHED,unmatched,Y
M1_C2_KP4_T3_can_r05,KP4_T3,C2,M1,defensible,CV,declared_alt:vega_approximation,N
M1_C3_KP4_T3_A_r05,KP4_T3,C3,M1,defensible,CV,declared_alt:vega_approximation,N
M3_C1_KP3_T1_A_r05,KP3_T1,C1,M3,numeric_wrong,CN,hardcoded_constant,Y
M1_C1_KP5_T1_A_r05,KP5_T1,C1,M1,numeric_wrong,CV,currency_wan,N
M2_C3_KP4_T1_A_r05,KP4_T1,C3,M2,numeric_wrong,CV,discrete_discount,N
M3_C1_KP5_T1_A_r05,KP5_T1,C1,M3,numeric_wrong,CN,hardcoded_constant,Y
M2_C1_KP5_T1_A_r05,KP5_T1,C1,M2,numeric_wrong,CN,hardcoded_constant,Y
M1_C3_KP5_T1_A_r05,KP5_T1,C3,M1,numeric_wrong,UNMATCHED,unmatched,N
M2_C3_KP4_T3_A_r05,KP4_T3,C3,M2,numeric_wrong,CV,vega_approximation,N
M1_C1_KP5_T2_A_r05,KP5_T2,C1,M1,numeric_wrong,UNMATCHED,unmatched,Y
M3_C1_KP5_T2_A_r05,KP5_T2,C1,M3,numeric_wrong,UNMATCHED,unmatched,Y
M1_C2_KP5_T2_can_r05,KP5_T2,C2,M1,numeric_wrong,CV,sign_flip,Y
M1_C3_KP5_T2_A_r05,KP5_T2,C3,M1,numeric_wrong,UNMATCHED,unmatched,Y
M3_C3_KP5_T1_A_r05,KP5_T1,C3,M3,numeric_wrong,CN,hardcoded_constant,Y
M1_C2_KP5_T3_can_r05,KP5_T3,C2,M1,numeric_wrong,CV,sign_flip,Y
M3_C3_KP5_T2_A_r05,KP5_T2,C3,M3,numeric_wrong,UNMATCHED,unmatched,Y
M1_C4_KP5_T3_can_r05,KP5_T3,C4,M1,numeric_wrong,CV,sign_flip,Y
M3_C3_KP3_T1_A_r05,KP3_T1,C3,M3,numeric_wrong,UNMATCHED,unmatched,Y
M1_C2_KP6_T1_can_r05,KP6_T1,C2,M1,numeric_wrong,CV,rf_geometric,Y
M2_C1_KP6_T1_A_r05,KP6_T1,C1,M2,numeric_wrong,CV,percent_x100,Y
M1_C1_KP6_T2_A_r05,KP6_T2,C1,M1,numeric_wrong,UNMATCHED,unmatched,Y
M3_C3_KP4_T3_A_r05,KP4_T3,C3,M3,numeric_wrong,CV,vega_approximation,N
M1_C2_KP6_T2_can_r05,KP6_T2,C2,M1,numeric_wrong,UNMATCHED,unmatched,Y
M3_C1_KP6_T1_A_r05,KP6_T1,C1,M3,numeric_wrong,UNMATCHED,no_numeric_detail,N
M3_C3_KP5_T3_A_r05,KP5_T3,C3,M3,numeric_wrong,CV,currency_wan,Y
M1_C3_KP6_T2_A_r05,KP6_T2,C3,M1,numeric_wrong,UNMATCHED,unmatched,Y
M3_C3_KP6_T1_A_r05,KP6_T1,C3,M3,numeric_wrong,UNMATCHED,no_numeric_detail,Y
M2_C3_KP6_T1_A_r05,KP6_T1,C3,M2,numeric_wrong,UNMATCHED,unmatched,Y
M2_C3_KP6_T2_A_r05,KP6_T2,C3,M2,numeric_wrong,UNMATCHED,unmatched,N
M3_C1_KP6_T2_A_r05,KP6_T2,C1,M3,numeric_wrong,UNMATCHED,unmatched,Y
M3_C2_KP6_T3_can_r05,KP6_T3,C2,M3,numeric_wrong,UNMATCHED,unmatched,Y
M1_C3_KP1_T1_B_r06,KP1_T1,C3,M1,numeric_wrong,UNMATCHED,unmatched,N
M2_C2_KP6_T3_can_r05,KP6_T3,C2,M2,numeric_wrong,UNMATCHED,unmatched,N
M1_C1_KP1_T2_B_r06,KP1_T2,C1,M1,numeric_wrong,UNMATCHED,unmatched,Y
M1_C2_KP1_T2_can_r06,KP1_T2,C2,M1,numeric_wrong,UNMATCHED,unmatched,N
M3_C1_KP6_T3_A_r05,KP6_T3,C1,M3,numeric_wrong,UNMATCHED,no_numeric_detail,Y
M3_C3_KP6_T2_A_r05,KP6_T2,C3,M3,numeric_wrong,UNMATCHED,unmatched,Y
M1_C3_KP1_T2_B_r06,KP1_T2,C3,M1,numeric_wrong,UNMATCHED,unmatched,Y
M3_C1_KP1_T1_B_r06,KP1_T1,C1,M3,numeric_wrong,UNMATCHED,no_numeric_detail,N
M1_C1_KP1_T3_B_r06,KP1_T3,C1,M1,numeric_wrong,CN,hardcoded_constant,N
M3_C3_KP1_T1_B_r06,KP1_T1,C3,M3,numeric_wrong,UNMATCHED,no_numeric_detail,N
M1_C3_KP1_T3_B_r06,KP1_T3,C3,M1,numeric_wrong,CN,hardcoded_constant,N
M2_C1_KP1_T3_B_r06,KP1_T3,C1,M2,numeric_wrong,CN,hardcoded_constant,N
M1_C1_KP2_T1_B_r06,KP2_T1,C1,M1,numeric_wrong,CV,percent_x100,N
M3_C3_KP1_T3_B_r06,KP1_T3,C3,M3,numeric_wrong,CN,hardcoded_constant,N
M2_C1_KP2_T1_B_r06,KP2_T1,C1,M2,numeric_wrong,CV,percent_x100,N
M3_C1_KP1_T3_B_r06,KP1_T3,C1,M3,numeric_wrong,CN,hardcoded_constant,Y
M3_C1_KP2_T1_B_r06,KP2_T1,C1,M3,numeric_wrong,CV,percent_x100,N
M3_C1_KP4_T3_A_r05,KP4_T3,C1,M3,numeric_wrong,CV,vega_approximation,N
M1_C1_KP2_T3_B_r06,KP2_T3,C1,M1,numeric_wrong,CV,rf_geometric,N
M1_C2_KP2_T3_can_r06,KP2_T3,C2,M1,numeric_wrong,CV,silent_alt:rf_geometric,N
M1_C3_KP2_T3_B_r06,KP2_T3,C3,M1,numeric_wrong,CV,silent_alt:rf_geometric,N
M2_C2_KP2_T3_can_r06,KP2_T3,C2,M2,numeric_wrong,CV,silent_alt:rf_geometric,N
M3_C1_KP2_T2_B_r06,KP2_T2,C1,M3,numeric_wrong,CV,percent_x100,Y
M1_C3_KP3_T1_B_r06,KP3_T1,C3,M1,numeric_wrong,UNMATCHED,unmatched,Y
M2_C3_KP2_T3_B_r06,KP2_T3,C3,M2,numeric_wrong,CV,silent_alt:rf_geometric,N
M3_C3_KP2_T3_B_r06,KP2_T3,C3,M3,numeric_wrong,CV,silent_alt:rf_geometric,N
M1_C2_KP3_T2_can_r06,KP3_T2,C2,M1,numeric_wrong,UNMATCHED,unmatched,Y
M2_C2_KP3_T2_can_r06,KP3_T2,C2,M2,numeric_wrong,CV,percent_x100,Y
M1_C1_KP3_T3_B_r06,KP3_T3,C1,M1,numeric_wrong,UNMATCHED,unmatched,N
M1_C2_KP3_T3_can_r06,KP3_T3,C2,M1,numeric_wrong,UNMATCHED,unmatched,Y
M1_C3_KP3_T3_B_r06,KP3_T3,C3,M1,numeric_wrong,UNMATCHED,unmatched,Y
M2_C2_KP3_T3_can_r06,KP3_T3,C2,M2,numeric_wrong,UNMATCHED,unmatched,Y
M1_C1_KP4_T1_B_r06,KP4_T1,C1,M1,numeric_wrong,CV,percent_d100,N
M1_C2_KP4_T1_can_r06,KP4_T1,C2,M1,numeric_wrong,CV,percent_d100,N
M3_C2_KP3_T3_can_r06,KP3_T3,C2,M3,numeric_wrong,UNMATCHED,unmatched,Y
M1_C3_KP4_T1_B_r06,KP4_T1,C3,M1,numeric_wrong,CV,percent_d100,N
M1_C4_KP4_T1_can_r06,KP4_T1,C4,M1,numeric_wrong,CV,percent_d100,N
M2_C3_KP3_T3_B_r06,KP3_T3,C3,M2,numeric_wrong,CV,percent_x100,N
M3_C1_KP4_T1_B_r06,KP4_T1,C1,M3,numeric_wrong,CN,hardcoded_constant,Y
M2_C3_KP4_T2_B_r06,KP4_T2,C3,M2,numeric_wrong,CN,hardcoded_constant,N
M1_C1_KP4_T3_B_r06,KP4_T3,C1,M1,numeric_wrong,UNMATCHED,unmatched,Y
M3_C1_KP3_T3_B_r06,KP3_T3,C1,M3,numeric_wrong,UNMATCHED,unmatched,N
M1_C3_KP4_T3_B_r06,KP4_T3,C3,M1,numeric_wrong,UNMATCHED,unmatched,Y
M2_C1_KP4_T3_B_r06,KP4_T3,C1,M2,defensible,CV,declared_alt:vega_approximation,N
M1_C1_KP5_T1_B_r06,KP5_T1,C1,M1,numeric_wrong,CV,currency_wan,Y
M3_C3_KP4_T1_B_r06,KP4_T1,C3,M3,numeric_wrong,CV,discrete_discount,Y
M1_C2_KP5_T1_can_r06,KP5_T1,C2,M1,numeric_wrong,CV,sign_flip,Y
M1_C3_KP5_T1_B_r06,KP5_T1,C3,M1,numeric_wrong,CN,hardcoded_constant,N
M2_C3_KP5_T1_B_r06,KP5_T1,C3,M2,numeric_wrong,CN,hardcoded_constant,N
M3_C1_KP5_T1_B_r06,KP5_T1,C1,M3,numeric_wrong,CN,hardcoded_constant,Y
M1_C1_KP5_T2_B_r06,KP5_T2,C1,M1,numeric_wrong,UNMATCHED,unmatched,Y
M3_C3_KP5_T1_B_r06,KP5_T1,C3,M3,numeric_wrong,CN,hardcoded_constant,N
M1_C2_KP5_T2_can_r06,KP5_T2,C2,M1,numeric_wrong,UNMATCHED,unmatched,Y
M2_C3_KP4_T3_B_r06,KP4_T3,C3,M2,defensible,CV,declared_alt:vega_approximation,N
M1_C3_KP5_T2_B_r06,KP5_T2,C3,M1,numeric_wrong,UNMATCHED,unmatched,Y
M1_C1_KP5_T3_B_r06,KP5_T3,C1,M1,numeric_wrong,UNMATCHED,unmatched,N
M3_C2_KP4_T3_can_r06,KP4_T3,C2,M3,defensible,CV,declared_alt:vega_approximation,N
M3_C3_KP3_T1_B_r06,KP3_T1,C3,M3,numeric_wrong,UNMATCHED,unmatched,Y
M1_C2_KP5_T3_can_r06,KP5_T3,C2,M1,numeric_wrong,CV,sign_flip,Y
M3_C3_KP5_T2_B_r06,KP5_T2,C3,M3,numeric_wrong,UNMATCHED,unmatched,Y
M1_C2_KP6_T1_can_r06,KP6_T1,C2,M1,numeric_wrong,CV,rf_geometric,Y
M1_C3_KP6_T1_B_r06,KP6_T1,C3,M1,numeric_wrong,UNMATCHED,unmatched,Y
M2_C1_KP6_T1_B_r06,KP6_T1,C1,M2,numeric_wrong,UNMATCHED,unmatched,N
M3_C1_KP6_T2_B_r06,KP6_T2,C1,M3,numeric_wrong,UNMATCHED,unmatched,N
M2_C3_KP6_T1_B_r06,KP6_T1,C3,M2,numeric_wrong,UNMATCHED,no_numeric_detail,N
M3_C1_KP6_T1_B_r06,KP6_T1,C1,M3,numeric_wrong,UNMATCHED,no_numeric_detail,Y
M3_C3_KP6_T2_B_r06,KP6_T2,C3,M3,numeric_wrong,UNMATCHED,unmatched,Y
M1_C4_KP6_T2_can_r06,KP6_T2,C4,M1,numeric_wrong,UNMATCHED,unmatched,Y
M2_C1_KP6_T3_B_r06,KP6_T3,C1,M2,numeric_wrong,UNMATCHED,no_numeric_detail,Y
M2_C2_KP6_T3_can_r06,KP6_T3,C2,M2,numeric_wrong,UNMATCHED,unmatched,Y
M3_C3_KP6_T1_B_r06,KP6_T1,C3,M3,numeric_wrong,UNMATCHED,no_numeric_detail,Y
M3_C1_KP6_T3_B_r06,KP6_T3,C1,M3,numeric_wrong,UNMATCHED,no_numeric_detail,Y
M3_C1_KP4_T3_B_r06,KP4_T3,C1,M3,numeric_wrong,CV,vega_approximation,Y
M1_C1_KP1_T1_B_r07,KP1_T1,C1,M1,numeric_wrong,UNMATCHED,unmatched,N
M1_C3_KP1_T1_B_r07,KP1_T1,C3,M1,numeric_wrong,CN,hardcoded_constant,N
M3_C3_KP4_T3_B_r06,KP4_T3,C3,M3,numeric_wrong,CV,vega_approximation,N
M1_C1_KP1_T2_B_r07,KP1_T2,C1,M1,numeric_wrong,UNMATCHED,unmatched,Y
M2_C3_KP1_T1_B_r07,KP1_T1,C3,M2,numeric_wrong,UNMATCHED,unmatched,Y
M1_C3_KP1_T2_B_r07,KP1_T2,C3,M1,numeric_wrong,UNMATCHED,unmatched,Y
M2_C1_KP1_T3_B_r07,KP1_T3,C1,M2,numeric_wrong,CN,hardcoded_constant,N
M1_C1_KP1_T3_B_r07,KP1_T3,C1,M1,numeric_wrong,CN,hardcoded_constant,N
M1_C3_KP1_T3_B_r07,KP1_T3,C3,M1,numeric_wrong,CN,hardcoded_constant,N
M1_C1_KP2_T1_B_r07,KP2_T1,C1,M1,numeric_wrong,CV,percent_x100,N
M3_C3_KP1_T3_B_r07,KP1_T3,C3,M3,numeric_wrong,CN,hardcoded_constant,N
M3_C1_KP1_T3_B_r07,KP1_T3,C1,M3,numeric_wrong,CV,percent_x100,Y
M1_C1_KP2_T3_B_r07,KP2_T3,C1,M1,numeric_wrong,CV,silent_alt:rf_geometric,N
M1_C2_KP2_T3_can_r07,KP2_T3,C2,M1,numeric_wrong,CV,silent_alt:rf_geometric,N
M3_C2_KP2_T2_can_r07,KP2_T2,C2,M3,numeric_wrong,CV,percent_x100,Y
M1_C3_KP2_T3_B_r07,KP2_T3,C3,M1,numeric_wrong,CV,silent_alt:rf_geometric,N
M2_C3_KP2_T3_B_r07,KP2_T3,C3,M2,numeric_wrong,CV,silent_alt:rf_geometric,N
M2_C3_KP1_T3_B_r07,KP1_T3,C3,M2,numeric_wrong,CN,hardcoded_constant,N
M1_C3_KP3_T1_B_r07,KP3_T1,C3,M1,numeric_wrong,UNMATCHED,unmatched,Y
M2_C1_KP2_T2_B_r07,KP2_T2,C1,M2,numeric_wrong,CV,percent_x100,N
M3_C1_KP2_T2_B_r07,KP2_T2,C1,M3,numeric_wrong,CN,hardcoded_constant,N
M1_C2_KP3_T2_can_r07,KP3_T2,C2,M1,numeric_wrong,UNMATCHED,unmatched,Y
M1_C1_KP3_T2_B_r07,KP3_T2,C1,M1,numeric_wrong,UNMATCHED,unmatched,Y
M1_C3_KP3_T2_B_r07,KP3_T2,C3,M1,numeric_wrong,CV,percent_x100,Y
M2_C3_KP3_T2_B_r07,KP3_T2,C3,M2,numeric_wrong,CV,percent_x100,Y
M2_C2_KP3_T2_can_r07,KP3_T2,C2,M2,numeric_wrong,CV,percent_x100,Y
M1_C1_KP3_T3_B_r07,KP3_T3,C1,M1,numeric_wrong,UNMATCHED,unmatched,N
M1_C2_KP3_T3_can_r07,KP3_T3,C2,M1,numeric_wrong,UNMATCHED,unmatched,Y
M3_C1_KP3_T3_B_r07,KP3_T3,C1,M3,numeric_wrong,UNMATCHED,unmatched,N
M1_C3_KP3_T3_B_r07,KP3_T3,C3,M1,numeric_wrong,UNMATCHED,unmatched,Y
M3_C1_KP3_T1_B_r07,KP3_T1,C1,M3,numeric_wrong,CN,hardcoded_constant,Y
M1_C1_KP4_T1_B_r07,KP4_T1,C1,M1,numeric_wrong,CV,percent_d100,N
M1_C2_KP4_T1_can_r07,KP4_T1,C2,M1,numeric_wrong,CV,percent_d100,N
M3_C3_KP3_T1_B_r07,KP3_T1,C3,M3,numeric_wrong,CN,hardcoded_constant,Y
M2_C2_KP4_T1_can_r07,KP4_T1,C2,M2,numeric_wrong,CV,percent_d100,Y
M2_C2_KP3_T3_can_r07,KP3_T3,C2,M2,numeric_wrong,UNMATCHED,unmatched,Y
M3_C3_KP3_T3_B_r07,KP3_T3,C3,M3,numeric_wrong,CV,exact_repricing,Y
M1_C3_KP4_T1_B_r07,KP4_T1,C3,M1,numeric_wrong,CV,percent_d100,N
M3_C2_KP3_T3_can_r07,KP3_T3,C2,M3,numeric_wrong,UNMATCHED,unmatched,Y
M3_C3_KP4_T1_B_r07,KP4_T1,C3,M3,numeric_wrong,UNMATCHED,unmatched,Y
M3_C1_KP4_T1_B_r07,KP4_T1,C1,M3,numeric_wrong,CN,hardcoded_constant,Y
M1_C1_KP4_T3_B_r07,KP4_T3,C1,M1,numeric_wrong,UNMATCHED,unmatched,Y
M2_C1_KP4_T3_B_r07,KP4_T3,C1,M2,defensible,CV,declared_alt:vega_approximation,N
M1_C3_KP4_T3_B_r07,KP4_T3,C3,M1,numeric_wrong,UNMATCHED,unmatched,Y
M3_C1_KP4_T3_B_r07,KP4_T3,C1,M3,numeric_wrong,CV,vega_approximation,N
M1_C1_KP5_T1_B_r07,KP5_T1,C1,M1,numeric_wrong,CV,currency_wan,Y
M2_C1_KP5_T1_B_r07,KP5_T1,C1,M2,numeric_wrong,CN,hardcoded_constant,Y
M2_C3_KP4_T3_B_r07,KP4_T3,C3,M2,defensible,CV,declared_alt:vega_approximation,N
M1_C3_KP5_T1_B_r07,KP5_T1,C3,M1,numeric_wrong,CN,hardcoded_constant,Y
M2_C1_KP4_T1_B_r07,KP4_T1,C1,M2,numeric_wrong,UNMATCHED,unmatched,N
M3_C1_KP5_T1_B_r07,KP5_T1,C1,M3,numeric_wrong,CN,hardcoded_constant,Y
M1_C1_KP5_T2_B_r07,KP5_T2,C1,M1,numeric_wrong,UNMATCHED,unmatched,Y
M1_C2_KP5_T2_can_r07,KP5_T2,C2,M1,numeric_wrong,CV,sign_flip,Y
M3_C3_KP5_T1_B_r07,KP5_T1,C3,M3,numeric_wrong,CN,hardcoded_constant,Y
M1_C3_KP5_T2_B_r07,KP5_T2,C3,M1,numeric_wrong,UNMATCHED,unmatched,Y
M1_C1_KP5_T3_B_r07,KP5_T3,C1,M1,numeric_wrong,UNMATCHED,unmatched,N
M1_C2_KP5_T3_can_r07,KP5_T3,C2,M1,numeric_wrong,CV,sign_flip,Y
M3_C2_KP4_T3_can_r07,KP4_T3,C2,M3,defensible,CV,declared_alt:vega_approximation,N
M2_C3_KP5_T2_B_r07,KP5_T2,C3,M2,numeric_wrong,UNMATCHED,unmatched,Y
M3_C3_KP5_T2_B_r07,KP5_T2,C3,M3,numeric_wrong,UNMATCHED,unmatched,N
M1_C2_KP6_T1_can_r07,KP6_T1,C2,M1,numeric_wrong,CV,rf_geometric,Y
M1_C1_KP6_T1_B_r07,KP6_T1,C1,M1,numeric_wrong,UNMATCHED,unmatched,Y
M1_C3_KP6_T1_B_r07,KP6_T1,C3,M1,numeric_wrong,UNMATCHED,no_numeric_detail,Y
M2_C2_KP6_T1_can_r07,KP6_T1,C2,M2,numeric_wrong,CV,ddof_0,Y
M1_C1_KP6_T2_B_r07,KP6_T2,C1,M1,numeric_wrong,UNMATCHED,unmatched,Y
M3_C1_KP6_T1_B_r07,KP6_T1,C1,M3,numeric_wrong,UNMATCHED,no_numeric_detail,Y
M2_C1_KP6_T1_B_r07,KP6_T1,C1,M2,numeric_wrong,UNMATCHED,no_numeric_detail,N
M2_C1_KP6_T2_B_r07,KP6_T2,C1,M2,numeric_wrong,UNMATCHED,unmatched,Y
M3_C1_KP6_T2_B_r07,KP6_T2,C1,M3,numeric_wrong,UNMATCHED,unmatched,N
M1_C4_KP6_T2_can_r07,KP6_T2,C4,M1,numeric_wrong,UNMATCHED,unmatched,Y
M2_C1_KP6_T3_B_r07,KP6_T3,C1,M2,numeric_wrong,UNMATCHED,no_numeric_detail,Y
M1_C2_KP6_T3_can_r07,KP6_T3,C2,M1,numeric_wrong,CV,silent_alt:ddof_0,N
M2_C3_KP6_T2_B_r07,KP6_T2,C3,M2,numeric_wrong,UNMATCHED,unmatched,Y
M3_C3_KP6_T1_B_r07,KP6_T1,C3,M3,numeric_wrong,UNMATCHED,no_numeric_detail,Y
M2_C3_KP6_T1_B_r07,KP6_T1,C3,M2,numeric_wrong,UNMATCHED,no_numeric_detail,N
M1_C1_KP1_T1_B_r08,KP1_T1,C1,M1,numeric_wrong,UNMATCHED,unmatched,N
M3_C2_KP6_T3_can_r07,KP6_T3,C2,M3,numeric_wrong,UNMATCHED,unmatched,Y
M1_C3_KP1_T1_B_r08,KP1_T1,C3,M1,numeric_wrong,UNMATCHED,unmatched,N
M1_C1_KP1_T2_B_r08,KP1_T2,C1,M1,numeric_wrong,UNMATCHED,unmatched,Y
M3_C3_KP6_T2_B_r07,KP6_T2,C3,M3,numeric_wrong,UNMATCHED,unmatched,Y
M1_C3_KP1_T2_B_r08,KP1_T2,C3,M1,numeric_wrong,UNMATCHED,unmatched,Y
M3_C3_KP4_T3_B_r07,KP4_T3,C3,M3,numeric_wrong,CV,vega_approximation,N
M1_C1_KP1_T3_B_r08,KP1_T3,C1,M1,numeric_wrong,CN,hardcoded_constant,N
M2_C2_KP1_T2_can_r08,KP1_T2,C2,M2,numeric_wrong,CV,percent_x100,N
M1_C3_KP1_T3_B_r08,KP1_T3,C3,M1,numeric_wrong,CN,hardcoded_constant,N
M3_C1_KP1_T1_B_r08,KP1_T1,C1,M3,numeric_wrong,UNMATCHED,no_numeric_detail,N
M1_C1_KP2_T1_B_r08,KP2_T1,C1,M1,numeric_wrong,CV,percent_x100,N
M2_C1_KP2_T1_B_r08,KP2_T1,C1,M2,numeric_wrong,CV,percent_x100,N
M3_C2_KP2_T1_can_r08,KP2_T1,C2,M3,numeric_wrong,CV,percent_x100,N
M3_C3_KP1_T3_B_r08,KP1_T3,C3,M3,numeric_wrong,CN,hardcoded_constant,N
M3_C1_KP1_T3_B_r08,KP1_T3,C1,M3,numeric_wrong,CV,percent_x100,Y
M1_C1_KP2_T3_B_r08,KP2_T3,C1,M1,numeric_wrong,UNMATCHED,unmatched,N
M1_C3_KP2_T3_B_r08,KP2_T3,C3,M1,numeric_wrong,CV,silent_alt:rf_geometric,N
M3_C2_KP2_T3_can_r08,KP2_T3,C2,M3,numeric_wrong,CV,silent_alt:rf_geometric,N
M2_C3_KP2_T3_B_r08,KP2_T3,C3,M2,numeric_wrong,CV,silent_alt:rf_geometric,N
M3_C3_KP2_T3_B_r08,KP2_T3,C3,M3,numeric_wrong,CV,silent_alt:rf_geometric,N
M1_C3_KP3_T1_B_r08,KP3_T1,C3,M1,numeric_wrong,UNMATCHED,unmatched,Y
M1_C4_KP3_T1_can_r08,KP3_T1,C4,M1,numeric_wrong,UNMATCHED,unmatched,Y
M1_C1_KP3_T2_B_r08,KP3_T2,C1,M1,numeric_wrong,CV,percent_x100,Y
M1_C2_KP3_T2_can_r08,KP3_T2,C2,M1,numeric_wrong,UNMATCHED,unmatched,Y
M1_C3_KP3_T2_B_r08,KP3_T2,C3,M1,numeric_wrong,CV,percent_x100,Y
M3_C1_KP3_T1_B_r08,KP3_T1,C1,M3,numeric_wrong,CN,hardcoded_constant,Y
M2_C3_KP3_T2_B_r08,KP3_T2,C3,M2,numeric_wrong,CN,hardcoded_constant,Y
M3_C2_KP1_T3_can_r08,KP1_T3,C2,M3,numeric_wrong,CN,hardcoded_constant,Y
M1_C1_KP3_T3_B_r08,KP3_T3,C1,M1,numeric_wrong,UNMATCHED,unmatched,Y
M1_C2_KP3_T3_can_r08,KP3_T3,C2,M1,numeric_wrong,UNMATCHED,unmatched,Y
M1_C3_KP3_T3_B_r08,KP3_T3,C3,M1,numeric_wrong,UNMATCHED,unmatched,Y
M2_C2_KP3_T3_can_r08,KP3_T3,C2,M2,numeric_wrong,UNMATCHED,unmatched,Y
M1_C1_KP4_T1_B_r08,KP4_T1,C1,M1,numeric_wrong,CV,percent_d100,N
M3_C1_KP3_T3_B_r08,KP3_T3,C1,M3,numeric_wrong,UNMATCHED,unmatched,Y
M2_C3_KP3_T3_B_r08,KP3_T3,C3,M2,numeric_wrong,CV,exact_repricing,N
M1_C2_KP4_T1_can_r08,KP4_T1,C2,M1,numeric_wrong,CV,percent_d100,Y
M2_C2_KP4_T1_can_r08,KP4_T1,C2,M2,numeric_wrong,CV,percent_d100,N
M3_C1_KP4_T1_B_r08,KP4_T1,C1,M3,numeric_wrong,UNMATCHED,unmatched,N
M1_C3_KP4_T1_B_r08,KP4_T1,C3,M1,numeric_wrong,UNMATCHED,unmatched,N
M1_C4_KP4_T1_can_r08,KP4_T1,C4,M1,numeric_wrong,CV,percent_d100,N
M3_C3_KP3_T3_B_r08,KP3_T3,C3,M3,numeric_wrong,UNMATCHED,unmatched,Y
M3_C3_KP4_T1_B_r08,KP4_T1,C3,M3,numeric_wrong,CN,hardcoded_constant,Y
M1_C1_KP4_T3_B_r08,KP4_T3,C1,M1,numeric_wrong,UNMATCHED,unmatched,Y
M1_C2_KP4_T3_can_r08,KP4_T3,C2,M1,defensible,CV,declared_alt:vega_approximation,N
M1_C3_KP4_T3_B_r08,KP4_T3,C3,M1,numeric_wrong,UNMATCHED,unmatched,Y
M3_C1_KP4_T3_B_r08,KP4_T3,C1,M3,numeric_wrong,CV,vega_approximation,Y
M2_C3_KP4_T3_B_r08,KP4_T3,C3,M2,numeric_wrong,UNMATCHED,unmatched,N
M1_C1_KP5_T1_B_r08,KP5_T1,C1,M1,numeric_wrong,UNMATCHED,unmatched,Y
M3_C2_KP4_T3_can_r08,KP4_T3,C2,M3,defensible,CV,declared_alt:vega_approximation,N
M1_C2_KP5_T1_can_r08,KP5_T1,C2,M1,numeric_wrong,CV,sign_flip,Y
M1_C3_KP5_T1_B_r08,KP5_T1,C3,M1,numeric_wrong,CN,hardcoded_constant,Y
M3_C1_KP5_T1_B_r08,KP5_T1,C1,M3,numeric_wrong,CN,hardcoded_constant,Y
M1_C1_KP5_T2_B_r08,KP5_T2,C1,M1,numeric_wrong,UNMATCHED,unmatched,Y
M1_C2_KP5_T2_can_r08,KP5_T2,C2,M1,numeric_wrong,UNMATCHED,unmatched,Y
M1_C3_KP5_T2_B_r08,KP5_T2,C3,M1,numeric_wrong,UNMATCHED,unmatched,Y
M3_C3_KP4_T3_B_r08,KP4_T3,C3,M3,numeric_wrong,CV,vega_approximation,N
M1_C1_KP5_T3_B_r08,KP5_T3,C1,M1,numeric_wrong,UNMATCHED,unmatched,N
M1_C2_KP5_T3_can_r08,KP5_T3,C2,M1,numeric_wrong,CV,sign_flip,Y
M3_C3_KP5_T1_B_r08,KP5_T1,C3,M3,numeric_wrong,CN,hardcoded_constant,Y
M1_C2_KP6_T1_can_r08,KP6_T1,C2,M1,numeric_wrong,CV,rf_geometric,Y
M1_C1_KP6_T1_B_r08,KP6_T1,C1,M1,numeric_wrong,UNMATCHED,no_numeric_detail,Y
M2_C1_KP6_T1_B_r08,KP6_T1,C1,M2,numeric_wrong,UNMATCHED,no_numeric_detail,N
M1_C3_KP6_T1_B_r08,KP6_T1,C3,M1,numeric_wrong,UNMATCHED,unmatched,Y
M2_C3_KP6_T1_B_r08,KP6_T1,C3,M2,numeric_wrong,UNMATCHED,unmatched,Y
M1_C1_KP6_T2_B_r08,KP6_T2,C1,M1,numeric_wrong,UNMATCHED,unmatched,Y
M3_C2_KP6_T1_can_r08,KP6_T1,C2,M3,numeric_wrong,CV,rf_geometric,Y
M2_C1_KP6_T2_B_r08,KP6_T2,C1,M2,numeric_wrong,UNMATCHED,unmatched,Y
M2_C3_KP6_T2_B_r08,KP6_T2,C3,M2,numeric_wrong,UNMATCHED,unmatched,N
M1_C2_KP6_T3_can_r08,KP6_T3,C2,M1,numeric_wrong,CV,silent_alt:ddof_0,N
M3_C1_KP6_T3_B_r08,KP6_T3,C1,M3,numeric_wrong,UNMATCHED,no_numeric_detail,Y
M2_C1_KP6_T3_B_r08,KP6_T3,C1,M2,numeric_wrong,UNMATCHED,no_numeric_detail,N
M3_C1_KP6_T1_B_r08,KP6_T1,C1,M3,numeric_wrong,UNMATCHED,no_numeric_detail,N
M3_C3_KP6_T2_B_r08,KP6_T2,C3,M3,numeric_wrong,UNMATCHED,unmatched,Y
M1_C1_KP1_T1_B_r09,KP1_T1,C1,M1,numeric_wrong,UNMATCHED,unmatched,N
M1_C3_KP1_T1_B_r09,KP1_T1,C3,M1,numeric_wrong,UNMATCHED,unmatched,N
M1_C1_KP1_T2_B_r09,KP1_T2,C1,M1,numeric_wrong,UNMATCHED,unmatched,Y
M3_C2_KP6_T3_can_r08,KP6_T3,C2,M3,numeric_wrong,UNMATCHED,unmatched,Y
M3_C3_KP6_T1_B_r08,KP6_T1,C3,M3,numeric_wrong,UNMATCHED,unmatched,Y
M1_C3_KP1_T2_B_r09,KP1_T2,C3,M1,numeric_wrong,UNMATCHED,unmatched,Y
M1_C1_KP1_T3_B_r09,KP1_T3,C1,M1,numeric_wrong,CN,hardcoded_constant,N
M3_C1_KP1_T3_B_r09,KP1_T3,C1,M3,numeric_wrong,CN,hardcoded_constant,N
M1_C3_KP1_T3_B_r09,KP1_T3,C3,M1,numeric_wrong,UNMATCHED,unmatched,N
M3_C1_KP1_T1_B_r09,KP1_T1,C1,M3,numeric_wrong,UNMATCHED,no_numeric_detail,Y
M1_C1_KP2_T1_B_r09,KP2_T1,C1,M1,numeric_wrong,CV,percent_x100,N
M2_C1_KP2_T1_B_r09,KP2_T1,C1,M2,numeric_wrong,CV,percent_x100,N
M3_C3_KP1_T3_B_r09,KP1_T3,C3,M3,numeric_wrong,CN,hardcoded_constant,N
M1_C1_KP2_T3_B_r09,KP2_T3,C1,M1,numeric_wrong,CV,silent_alt:rf_geometric,N
M1_C2_KP2_T3_can_r09,KP2_T3,C2,M1,numeric_wrong,CV,silent_alt:rf_geometric,N
M1_C3_KP2_T3_B_r09,KP2_T3,C3,M1,numeric_wrong,CV,silent_alt:rf_geometric,N
M1_C1_KP3_T1_B_r09,KP3_T1,C1,M1,numeric_wrong,UNMATCHED,unmatched,Y
M3_C2_KP2_T3_can_r09,KP2_T3,C2,M3,numeric_wrong,CV,silent_alt:rf_geometric,N
M2_C3_KP2_T3_B_r09,KP2_T3,C3,M2,numeric_wrong,CV,silent_alt:rf_geometric,N
M1_C3_KP3_T1_B_r09,KP3_T1,C3,M1,numeric_wrong,UNMATCHED,unmatched,Y
M1_C4_KP3_T1_can_r09,KP3_T1,C4,M1,numeric_wrong,UNMATCHED,unmatched,Y
M1_C1_KP3_T2_B_r09,KP3_T2,C1,M1,numeric_wrong,CV,percent_x100,Y
M3_C3_KP2_T3_B_r09,KP2_T3,C3,M3,numeric_wrong,CV,silent_alt:rf_geometric,N
M1_C2_KP3_T2_can_r09,KP3_T2,C2,M1,numeric_wrong,UNMATCHED,unmatched,Y
M3_C1_KP2_T2_B_r09,KP2_T2,C1,M3,numeric_wrong,CN,hardcoded_constant,N
M1_C3_KP3_T2_B_r09,KP3_T2,C3,M1,numeric_wrong,CV,percent_x100,Y
M3_C1_KP3_T1_B_r09,KP3_T1,C1,M3,numeric_wrong,CN,hardcoded_constant,Y
M1_C1_KP3_T3_B_r09,KP3_T3,C1,M1,numeric_wrong,UNMATCHED,unmatched,Y
M1_C3_KP3_T3_B_r09,KP3_T3,C3,M1,numeric_wrong,UNMATCHED,unmatched,Y
M3_C2_KP3_T3_can_r09,KP3_T3,C2,M3,numeric_wrong,CV,silent_alt:duration_plus_convexity,N
M1_C1_KP4_T1_B_r09,KP4_T1,C1,M1,numeric_wrong,UNMATCHED,unmatched,N
M1_C2_KP4_T1_can_r09,KP4_T1,C2,M1,numeric_wrong,CV,percent_d100,Y
M1_C3_KP4_T1_B_r09,KP4_T1,C3,M1,numeric_wrong,UNMATCHED,unmatched,N
M3_C3_KP4_T1_B_r09,KP4_T1,C3,M3,numeric_wrong,CV,discrete_discount,Y
M1_C1_KP4_T3_B_r09,KP4_T3,C1,M1,numeric_wrong,UNMATCHED,unmatched,Y
M3_C1_KP3_T2_B_r09,KP3_T2,C1,M3,numeric_wrong,CN,hardcoded_constant,Y
M3_C3_KP3_T1_B_r09,KP3_T1,C3,M3,numeric_wrong,UNMATCHED,unmatched,Y
M1_C3_KP4_T3_B_r09,KP4_T3,C3,M1,numeric_wrong,UNMATCHED,unmatched,Y
M1_C1_KP5_T1_B_r09,KP5_T1,C1,M1,numeric_wrong,CV,currency_wan,Y
M2_C3_KP4_T3_B_r09,KP4_T3,C3,M2,numeric_wrong,CV,vega_approximation,N
M1_C3_KP5_T1_B_r09,KP5_T1,C3,M1,numeric_wrong,CN,hardcoded_constant,N
M1_C1_KP5_T2_B_r09,KP5_T2,C1,M1,numeric_wrong,UNMATCHED,unmatched,Y
M3_C1_KP3_T3_B_r09,KP3_T3,C1,M3,numeric_wrong,UNMATCHED,unmatched,N
M1_C2_KP5_T2_can_r09,KP5_T2,C2,M1,numeric_wrong,CV,sign_flip,Y
M1_C3_KP5_T2_B_r09,KP5_T2,C3,M1,numeric_wrong,UNMATCHED,unmatched,Y
M3_C1_KP4_T3_B_r09,KP4_T3,C1,M3,numeric_wrong,UNMATCHED,unmatched,N
M1_C1_KP5_T3_B_r09,KP5_T3,C1,M1,numeric_wrong,UNMATCHED,unmatched,N
M3_C3_KP4_T3_B_r09,KP4_T3,C3,M3,numeric_wrong,CV,vega_approximation,Y
M1_C2_KP5_T3_can_r09,KP5_T3,C2,M1,numeric_wrong,CV,sign_flip,Y
M2_C3_KP5_T2_B_r09,KP5_T2,C3,M2,numeric_wrong,UNMATCHED,unmatched,Y
M1_C2_KP6_T1_can_r09,KP6_T1,C2,M1,numeric_wrong,CV,rf_geometric,Y
M1_C1_KP6_T1_B_r09,KP6_T1,C1,M1,numeric_wrong,UNMATCHED,unmatched,Y
M1_C3_KP6_T1_B_r09,KP6_T1,C3,M1,numeric_wrong,UNMATCHED,no_numeric_detail,Y
M3_C1_KP5_T3_B_r09,KP5_T3,C1,M3,numeric_wrong,CN,hardcoded_constant,Y
M1_C1_KP6_T2_B_r09,KP6_T2,C1,M1,numeric_wrong,UNMATCHED,unmatched,Y
M1_C2_KP6_T2_can_r09,KP6_T2,C2,M1,numeric_wrong,UNMATCHED,unmatched,Y
M2_C1_KP6_T2_B_r09,KP6_T2,C1,M2,numeric_wrong,UNMATCHED,unmatched,Y
M3_C1_KP6_T1_B_r09,KP6_T1,C1,M3,numeric_wrong,UNMATCHED,unmatched,Y
M2_C2_KP6_T1_can_r09,KP6_T1,C2,M2,numeric_wrong,CV,ddof_0,N
M1_C1_KP6_T3_B_r09,KP6_T3,C1,M1,numeric_wrong,UNMATCHED,unmatched,Y
M3_C1_KP6_T2_B_r09,KP6_T2,C1,M3,numeric_wrong,UNMATCHED,unmatched,Y
M3_C3_KP6_T1_B_r09,KP6_T1,C3,M3,numeric_wrong,UNMATCHED,no_numeric_detail,Y
M1_C2_KP6_T3_can_r09,KP6_T3,C2,M1,numeric_wrong,CV,silent_alt:ddof_0,N
M2_C1_KP6_T3_B_r09,KP6_T3,C1,M2,numeric_wrong,UNMATCHED,no_numeric_detail,N
M2_C3_KP6_T2_B_r09,KP6_T2,C3,M2,numeric_wrong,UNMATCHED,unmatched,N
M2_C3_KP6_T3_B_r09,KP6_T3,C3,M2,numeric_wrong,UNMATCHED,unmatched,Y
M1_C1_KP1_T1_B_r10,KP1_T1,C1,M1,numeric_wrong,UNMATCHED,unmatched,N
M2_C2_KP6_T3_can_r09,KP6_T3,C2,M2,numeric_wrong,CV,silent_alt:rf_geometric,N
M3_C3_KP6_T2_B_r09,KP6_T2,C3,M3,numeric_wrong,UNMATCHED,unmatched,Y
M1_C3_KP1_T1_B_r10,KP1_T1,C3,M1,numeric_wrong,UNMATCHED,unmatched,N
M2_C4_KP6_T3_can_r09,KP6_T3,C4,M2,numeric_wrong,UNMATCHED,unmatched,N
M1_C1_KP1_T2_B_r10,KP1_T2,C1,M1,numeric_wrong,UNMATCHED,unmatched,Y
M1_C3_KP1_T2_B_r10,KP1_T2,C3,M1,numeric_wrong,UNMATCHED,unmatched,Y
M1_C1_KP1_T3_B_r10,KP1_T3,C1,M1,numeric_wrong,CN,hardcoded_constant,N
M1_C3_KP1_T3_B_r10,KP1_T3,C3,M1,numeric_wrong,CN,hardcoded_constant,N
M3_C1_KP1_T3_B_r10,KP1_T3,C1,M3,numeric_wrong,CV,percent_x100,Y
M2_C1_KP2_T1_B_r10,KP2_T1,C1,M2,numeric_wrong,CV,percent_x100,N
M3_C1_KP2_T1_B_r10,KP2_T1,C1,M3,numeric_wrong,CV,percent_x100,Y
M1_C1_KP2_T3_B_r10,KP2_T3,C1,M1,numeric_wrong,CV,rf_geometric,N
M3_C3_KP1_T3_B_r10,KP1_T3,C3,M3,numeric_wrong,CN,hardcoded_constant,N
M1_C3_KP2_T3_B_r10,KP2_T3,C3,M1,numeric_wrong,CV,silent_alt:rf_geometric,N
M2_C2_KP2_T3_can_r10,KP2_T3,C2,M2,numeric_wrong,CV,silent_alt:rf_geometric,N
M1_C1_KP3_T1_B_r10,KP3_T1,C1,M1,numeric_wrong,UNMATCHED,unmatched,Y
M1_C3_KP3_T1_B_r10,KP3_T1,C3,M1,numeric_wrong,UNMATCHED,unmatched,Y
M2_C3_KP2_T3_B_r10,KP2_T3,C3,M2,numeric_wrong,CV,silent_alt:rf_geometric,N
M3_C3_KP2_T3_B_r10,KP2_T3,C3,M3,numeric_wrong,CV,silent_alt:rf_geometric,N
M1_C1_KP3_T2_B_r10,KP3_T2,C1,M1,numeric_wrong,CV,percent_x100,Y
M1_C2_KP3_T2_can_r10,KP3_T2,C2,M1,numeric_wrong,UNMATCHED,unmatched,Y
M1_C3_KP3_T2_B_r10,KP3_T2,C3,M1,numeric_wrong,UNMATCHED,unmatched,Y
M1_C1_KP3_T3_B_r10,KP3_T3,C1,M1,numeric_wrong,UNMATCHED,unmatched,N
M1_C2_KP3_T3_can_r10,KP3_T3,C2,M1,numeric_wrong,UNMATCHED,unmatched,Y
M3_C1_KP3_T3_B_r10,KP3_T3,C1,M3,numeric_wrong,UNMATCHED,unmatched,Y
M1_C3_KP3_T3_B_r10,KP3_T3,C3,M1,numeric_wrong,UNMATCHED,unmatched,Y
M2_C2_KP3_T3_can_r10,KP3_T3,C2,M2,numeric_wrong,UNMATCHED,unmatched,Y
M1_C1_KP4_T1_B_r10,KP4_T1,C1,M1,numeric_wrong,CV,percent_d100,N
M3_C3_KP3_T3_B_r10,KP3_T3,C3,M3,numeric_wrong,UNMATCHED,unmatched,Y
M1_C2_KP4_T1_can_r10,KP4_T1,C2,M1,numeric_wrong,CV,percent_d100,Y
M3_C1_KP4_T1_B_r10,KP4_T1,C1,M3,numeric_wrong,CV,percent_d100,Y
M2_C3_KP3_T3_B_r10,KP3_T3,C3,M2,numeric_wrong,UNMATCHED,unmatched,N
M1_C3_KP4_T1_B_r10,KP4_T1,C3,M1,numeric_wrong,CV,percent_d100,N
M1_C4_KP4_T1_can_r10,KP4_T1,C4,M1,numeric_wrong,CV,percent_d100,N
M1_C1_KP4_T3_B_r10,KP4_T3,C1,M1,numeric_wrong,UNMATCHED,unmatched,Y
M3_C3_KP4_T1_B_r10,KP4_T1,C3,M3,numeric_wrong,UNMATCHED,unmatched,N
M1_C3_KP4_T3_B_r10,KP4_T3,C3,M1,numeric_wrong,UNMATCHED,unmatched,Y
M1_C1_KP5_T1_B_r10,KP5_T1,C1,M1,numeric_wrong,CV,currency_wan,Y
M3_C3_KP4_T3_B_r10,KP4_T3,C3,M3,numeric_wrong,CV,vega_approximation,N
M1_C3_KP5_T1_B_r10,KP5_T1,C3,M1,numeric_wrong,UNMATCHED,unmatched,Y
M1_C1_KP5_T2_B_r10,KP5_T2,C1,M1,numeric_wrong,UNMATCHED,unmatched,Y
M1_C3_KP5_T2_B_r10,KP5_T2,C3,M1,numeric_wrong,UNMATCHED,unmatched,Y
M3_C1_KP5_T2_B_r10,KP5_T2,C1,M3,numeric_wrong,UNMATCHED,unmatched,Y
M1_C1_KP5_T3_B_r10,KP5_T3,C1,M1,numeric_wrong,UNMATCHED,unmatched,N
M2_C1_KP5_T3_B_r10,KP5_T3,C1,M2,numeric_wrong,CN,hardcoded_constant,N
M1_C2_KP5_T3_can_r10,KP5_T3,C2,M1,numeric_wrong,CV,sign_flip,Y
M1_C4_KP5_T3_can_r10,KP5_T3,C4,M1,numeric_wrong,CV,sign_flip,Y
M3_C1_KP4_T3_B_r10,KP4_T3,C1,M3,numeric_wrong,CV,vega_approximation,N
M2_C1_KP6_T1_B_r10,KP6_T1,C1,M2,numeric_wrong,UNMATCHED,unmatched,Y
M1_C2_KP6_T1_can_r10,KP6_T1,C2,M1,numeric_wrong,CV,rf_geometric,Y
M2_C3_KP4_T1_B_r10,KP4_T1,C3,M2,numeric_wrong,CV,vega_per_pct,N
M1_C1_KP6_T1_B_r10,KP6_T1,C1,M1,numeric_wrong,CV,percent_x100,Y
M1_C3_KP6_T1_B_r10,KP6_T1,C3,M1,numeric_wrong,UNMATCHED,unmatched,Y
M1_C1_KP6_T2_B_r10,KP6_T2,C1,M1,numeric_wrong,UNMATCHED,unmatched,Y
M2_C1_KP6_T2_B_r10,KP6_T2,C1,M2,numeric_wrong,UNMATCHED,unmatched,N
M1_C2_KP6_T2_can_r10,KP6_T2,C2,M1,numeric_wrong,UNMATCHED,unmatched,Y
M1_C3_KP6_T2_B_r10,KP6_T2,C3,M1,numeric_wrong,UNMATCHED,unmatched,N
M2_C3_KP6_T1_B_r10,KP6_T1,C3,M2,numeric_wrong,UNMATCHED,no_numeric_detail,N
M3_C1_KP6_T2_B_r10,KP6_T2,C1,M3,numeric_wrong,UNMATCHED,unmatched,Y
M1_C2_KP6_T3_can_r10,KP6_T3,C2,M1,numeric_wrong,CV,silent_alt:rf_geometric,N
M2_C1_KP6_T3_B_r10,KP6_T3,C1,M2,numeric_wrong,UNMATCHED,no_numeric_detail,N
M3_C3_KP6_T1_B_r10,KP6_T1,C3,M3,numeric_wrong,UNMATCHED,unmatched,Y
M3_C1_KP6_T1_B_r10,KP6_T1,C1,M3,numeric_wrong,UNMATCHED,no_numeric_detail,Y
M3_C3_KP6_T3_B_r10,KP6_T3,C3,M3,numeric_wrong,UNMATCHED,no_numeric_detail,Y
M2_C3_KP6_T3_B_r10,KP6_T3,C3,M2,numeric_wrong,UNMATCHED,unmatched,Y
M3_C1_KP6_T3_B_r10,KP6_T3,C1,M3,numeric_wrong,UNMATCHED,no_numeric_detail,Y
M3_C3_KP3_T1_B_r10,KP3_T1,C3,M3,numeric_wrong,CN,hardcoded_constant,Y
