run_id,status
M1_C2_KP1_T2_can_r01,ok
M1_C1_KP1_T2_A_r01,ok
M1_C3_KP1_T2_A_r01,ok
M1_C4_KP1_T2_can_r01,ok
M2_C2_KP1_T2_can_r01,exec_fail
M2_C1_KP1_T2_A_r01,ok
M2_C3_KP1_T2_A_r01,ok
M2_C4_KP1_T2_can_r01,ok
M3_C2_KP1_T2_can_r01,ok
M3_C1_KP1_T2_A_r01,ok
M1_C1_KP2_T2_A_r01,ok
M1_C2_KP2_T2_can_r01,ok
M2_C1_KP2_T2_A_r01,ok
M1_C3_KP2_T2_A_r01,ok
M2_C3_KP2_T2_A_r01,ok
M1_C4_KP2_T2_can_r01,ok
M3_C1_KP2_T2_A_r01,ok
M2_C2_KP2_T2_can_r01,ok
M2_C4_KP2_T2_can_r01,ok
M3_C2_KP2_T2_can_r01,ok
M3_C3_KP2_T2_A_r01,ok
M3_C4_KP2_T2_can_r01,ok
M1_C1_KP3_T2_A_r01,ok
M3_C3_KP1_T2_A_r01,ok
M1_C2_KP3_T2_can_r01,ok
M1_C3_KP3_T2_A_r01,ok
M2_C1_KP3_T2_A_r01,exec_fail
M1_C4_KP3_T2_can_r01,ok
M3_C4_KP1_T2_can_r01,ok
M2_C2_KP3_T2_can_r01,exec_fail
M2_C4_KP3_T2_can_r01,exec_fail
M3_C4_KP3_T2_can_r01,ok
M3_C2_KP3_T2_can_r01,ok
M2_C3_KP3_T2_A_r01,ok
M1_C1_KP4_T2_A_r01,ok
M1_C2_KP4_T2_can_r01,ok
M2_C1_KP4_T2_A_r01,exec_fail
M2_C2_KP4_T2_can_r01,ok
M1_C3_KP4_T2_A_r01,ok
M3_C2_KP4_T2_can_r01,ok
M1_C4_KP4_T2_can_r01,ok
M2_C3_KP4_T2_A_r01,ok
M2_C4_KP4_T2_can_r01,ok
M3_C1_KP4_T2_A_r01,ok
M3_C4_KP4_T2_can_r01,ok
M3_C3_KP4_T2_A_r01,ok
M1_C1_KP5_T2_A_r01,ok
M1_C2_KP5_T2_can_r01,ok
M2_C1_KP5_T2_A_r01,ok
M3_C1_KP5_T2_A_r01,ok
M2_C2_KP5_T2_can_r01,ok
M1_C3_KP5_T2_A_r01,ok
M3_C1_KP3_T2_A_r01,ok
M1_C4_KP5_T2_can_r01,ok
M3_C3_KP5_T2_A_r01,ok
M2_C3_KP5_T2_A_r01,ok
M2_C4_KP5_T2_can_r01,ok
M3_C4_KP5_T2_can_r01,exec_fail
M1_C1_KP6_T2_A_r01,ok
M2_C1_KP6_T2_A_r01,no_code
M1_C2_KP6_T2_can_r01,ok
M1_C3_KP6_T2_A_r01,ok
M2_C3_KP6_T2_A_r01,exec_fail
M1_C4_KP6_T2_can_r01,ok
M3_C1_KP6_T2_A_r01,exec_fail
M2_C4_KP6_T2_can_r01,ok
M3_C2_KP5_T2_can_r01,ok
M2_C2_KP6_T2_can_r01,ok
M3_C3_KP6_T2_A_r01,exec_fail
M3_C4_KP6_T2_can_r01,ok
M3_C2_KP6_T2_can_r01,ok
M1_C1_KP1_T2_A_r02,ok
M1_C2_KP1_T2_can_r02,ok
M3_C1_KP1_T2_A_r02,ok
M1_C3_KP1_T2_A_r02,ok
M2_C1_KP1_T2_A_r02,ok
M3_C2_KP1_T2_can_r02,ok
M1_C4_KP1_T2_can_r02,ok
M2_C2_KP1_T2_can_r02,no_figure_path
M2_C3_KP1_T2_A_r02,ok
M2_C4_KP1_T2_can_r02,ok
M3_C4_KP1_T2_can_r02,ok
M1_C1_KP2_T2_A_r02,ok
M3_C3_KP1_T2_A_r02,ok
M1_C2_KP2_T2_can_r02,ok
M2_C1_KP2_T2_A_r02,ok
M3_C1_KP2_T2_A_r02,ok
M1_C3_KP2_T2_A_r02,ok
M1_C4_KP2_T2_can_r02,ok
M2_C2_KP2_T2_can_r02,ok
M2_C3_KP2_T2_A_r02,ok
M3_C2_KP2_T2_can_r02,ok
M3_C3_KP2_T2_A_r02,no_code
M2_C4_KP2_T2_can_r02,exec_fail
M3_C4_KP2_T2_can_r02,ok
M1_C1_KP3_T2_A_r02,ok
M1_C2_KP3_T2_can_r02,ok
M1_C3_KP3_T2_A_r02,ok
M3_C1_KP3_T2_A_r02,ok
M2_C1_KP3_T2_A_r02,ok
M1_C4_KP3_T2_can_r02,ok
M3_C2_KP3_T2_can_r02,ok
M2_C2_KP3_T2_can_r02,ok
M2_C4_KP3_T2_can_r02,ok
M3_C4_KP3_T2_can_r02,ok
M2_C3_KP3_T2_A_r02,ok
M3_C3_KP3_T2_A_r02,ok
M1_C1_KP4_T2_A_r02,ok
M1_C2_KP4_T2_can_r02,ok
M1_C3_KP4_T2_A_r02,no_code
M3_C1_KP4_T2_A_r02,ok
M2_C2_KP4_T2_can_r02,ok
M1_C4_KP4_T2_can_r02,ok
M3_C3_KP4_T2_A_r02,ok
M2_C3_KP4_T2_A_r02,ok
M2_C4_KP4_T2_can_r02,ok
M2_C1_KP4_T2_A_r02,ok
M3_C4_KP4_T2_can_r02,ok
M1_C1_KP5_T2_A_r02,ok
M1_C2_KP5_T2_can_r02,ok
M1_C3_KP5_T2_A_r02,ok
M2_C1_KP5_T2_A_r02,exec_fail
M3_C2_KP4_T2_can_r02,no_code
M2_C3_KP5_T2_A_r02,ok
M2_C2_KP5_T2_can_r02,ok
M1_C4_KP5_T2_can_r02,ok
M3_C1_KP5_T2_A_r02,exec_fail
M3_C4_KP5_T2_can_r02,ok
M2_C4_KP5_T2_can_r02,ok
M3_C2_KP5_T2_can_r02,ok
M3_C3_KP5_T2_A_r02,ok
M1_C1_KP6_T2_A_r02,ok
M2_C1_KP6_T2_A_r02,exec_fail
M1_C2_KP6_T2_can_r02,ok
M1_C3_KP6_T2_A_r02,ok
M3_C2_KP6_T2_can_r02,ok
M1_C4_KP6_T2_can_r02,ok
M2_C3_KP6_T2_A_r02,no_figure_path
M2_C2_KP6_T2_can_r02,exec_fail
M2_C4_KP6_T2_can_r02,ok
M3_C3_KP6_T2_A_r02,exec_fail
M3_C1_KP6_T2_A_r02,exec_fail
M3_C4_KP6_T2_can_r02,ok
M1_C1_KP1_T2_A_r03,ok
M1_C2_KP1_T2_can_r03,ok
M2_C1_KP1_T2_A_r03,ok
M1_C3_KP1_T2_A_r03,no_code
M1_C4_KP1_T2_can_r03,ok
M3_C1_KP1_T2_A_r03,ok
M2_C2_KP1_T2_can_r03,ok
M2_C4_KP1_T2_can_r03,ok
M2_C3_KP1_T2_A_r03,ok
M3_C2_KP1_T2_can_r03,ok
M3_C4_KP1_T2_can_r03,ok
M1_C1_KP2_T2_A_r03,ok
M1_C2_KP2_T2_can_r03,ok
M2_C1_KP2_T2_A_r03,ok
M1_C3_KP2_T2_A_r03,ok
M1_C4_KP2_T2_can_r03,ok
M2_C3_KP2_T2_A_r03,ok
M3_C3_KP1_T2_A_r03,ok
M2_C2_KP2_T2_can_r03,ok
M2_C4_KP2_T2_can_r03,ok
M3_C1_KP2_T2_A_r03,ok
M3_C4_KP2_T2_can_r03,ok
M3_C2_KP2_T2_can_r03,ok
M3_C3_KP2_T2_A_r03,ok
M1_C1_KP3_T2_A_r03,ok
M1_C2_KP3_T2_can_r03,ok
M3_C1_KP3_T2_A_r03,ok
M1_C3_KP3_T2_A_r03,ok
M1_C4_KP3_T2_can_r03,ok
M3_C2_KP3_T2_can_r03,ok
M2_C1_KP3_T2_A_r03,exec_fail
M2_C4_KP3_T2_can_r03,ok
M2_C3_KP3_T2_A_r03,ok
M3_C4_KP3_T2_can_r03,ok
M2_C2_KP3_T2_can_r03,exec_fail
M1_C1_KP4_T2_A_r03,ok
M2_C1_KP4_T2_A_r03,ok
M1_C2_KP4_T2_can_r03,ok
M1_C3_KP4_T2_A_r03,ok
M3_C1_KP4_T2_A_r03,ok
M2_C3_KP4_T2_A_r03,ok
M1_C4_KP4_T2_can_r03,ok
M2_C2_KP4_T2_can_r03,ok
M3_C3_KP3_T2_A_r03,ok
M3_C2_KP4_T2_can_r03,ok
M3_C3_KP4_T2_A_r03,ok
M2_C4_KP4_T2_can_r03,ok
M3_C4_KP4_T2_can_r03,ok
M1_C1_KP5_T2_A_r03,ok
M1_C2_KP5_T2_can_r03,ok
M1_C3_KP5_T2_A_r03,ok
M2_C1_KP5_T2_A_r03,ok
M2_C2_KP5_T2_can_r03,exec_fail
M1_C4_KP5_T2_can_r03,ok
M3_C1_KP5_T2_A_r03,ok
M3_C2_KP5_T2_can_r03,no_figure_path
M2_C3_KP5_T2_A_r03,ok
M3_C3_KP5_T2_A_r03,ok
M2_C4_KP5_T2_can_r03,exec_fail
M3_C4_KP5_T2_can_r03,ok
M1_C1_KP6_T2_A_r03,ok
M1_C2_KP6_T2_can_r03,ok
M1_C3_KP6_T2_A_r03,no_figure_path
M3_C1_KP6_T2_A_r03,ok
M2_C3_KP6_T2_A_r03,ok
M1_C4_KP6_T2_can_r03,ok
M2_C2_KP6_T2_can_r03,ok
M3_C3_KP6_T2_A_r03,no_figure_path
M2_C1_KP6_T2_A_r03,ok
M3_C2_KP6_T2_can_r03,ok
M3_C4_KP6_T2_can_r03,ok
M2_C4_KP6_T2_can_r03,no_figure_path
M1_C1_KP1_T2_A_r04,ok
M1_C2_KP1_T2_can_r04,ok
M1_C3_KP1_T2_A_r04,ok
M1_C4_KP1_T2_can_r04,ok
M3_C2_KP1_T2_can_r04,ok
M2_C1_KP1_T2_A_r04,ok
M2_C3_KP1_T2_A_r04,ok
M3_C3_KP1_T2_A_r04,ok
M2_C2_KP1_T2_can_r04,exec_fail
M2_C4_KP1_T2_can_r04,ok
M3_C1_KP1_T2_A_r04,ok
M1_C1_KP2_T2_A_r04,ok
M1_C2_KP2_T2_can_r04,ok
M2_C1_KP2_T2_A_r04,ok
M1_C3_KP2_T2_A_r04,ok
M1_C4_KP2_T2_can_r04,ok
M2_C4_KP2_T2_can_r04,ok
M2_C3_KP2_T2_A_r04,ok
M2_C2_KP2_T2_can_r04,ok
M3_C1_KP2_T2_A_r04,exec_fail
M3_C2_KP2_T2_can_r04,ok
M3_C4_KP1_T2_can_r04,no_figure_path
M3_C4_KP2_T2_can_r04,ok
M3_C3_KP2_T2_A_r04,ok
M1_C1_KP3_T2_A_r04,ok
M1_C2_KP3_T2_can_r04,ok
M1_C3_KP3_T2_A_r04,ok
M2_C2_KP3_T2_can_r04,ok
M3_C2_KP3_T2_can_r04,ok
M1_C4_KP3_T2_can_r04,ok
M2_C3_KP3_T2_A_r04,ok
M2_C4_KP3_T2_can_r04,exec_fail
M3_C4_KP3_T2_can_r04,ok
M2_C1_KP3_T2_A_r04,ok
M3_C1_KP3_T2_A_r04,ok
M1_C1_KP4_T2_A_r04,ok
M1_C2_KP4_T2_can_r04,ok
M2_C1_KP4_T2_A_r04,ok
M1_C3_KP4_T2_A_r04,ok
M2_C2_KP4_T2_can_r04,ok
M3_C2_KP4_T2_can_r04,ok
M1_C4_KP4_T2_can_r04,ok
M3_C3_KP4_T2_A_r04,ok
M3_C4_KP4_T2_can_r04,ok
M2_C4_KP4_T2_can_r04,ok
M2_C3_KP4_T2_A_r04,ok
M3_C1_KP4_T2_A_r04,ok
M1_C1_KP5_T2_A_r04,ok
M1_C2_KP5_T2_can_r04,ok
M2_C1_KP5_T2_A_r04,ok
M1_C3_KP5_T2_A_r04,ok
M3_C1_KP5_T2_A_r04,ok
M1_C4_KP5_T2_can_r04,ok
M2_C2_KP5_T2_can_r04,ok
M2_C3_KP5_T2_A_r04,ok
M3_C3_KP5_T2_A_r04,ok
M3_C4_KP5_T2_can_r04,ok
M3_C2_KP5_T2_can_r04,exec_fail
M2_C4_KP5_T2_can_r04,exec_fail
M3_C3_KP3_T2_A_r04,ok
M1_C1_KP6_T2_A_r04,ok
M3_C1_KP6_T2_A_r04,ok
M1_C2_KP6_T2_can_r04,ok
M1_C3_KP6_T2_A_r04,ok
M2_C3_KP6_T2_A_r04,no_code
M1_C4_KP6_T2_can_r04,ok
M2_C1_KP6_T2_A_r04,ok
M2_C2_KP6_T2_can_r04,ok
M3_C4_KP6_T2_can_r04,ok
M2_C4_KP6_T2_can_r04,ok
M3_C3_KP6_T2_A_r04,ok
M3_C2_KP6_T2_can_r04,ok
M1_C1_KP1_T2_A_r05,ok
M2_C1_KP1_T2_A_r05,ok
M1_C2_KP1_T2_can_r05,ok
M1_C3_KP1_T2_A_r05,ok
M1_C4_KP1_T2_can_r05,ok
M2_C2_KP1_T2_can_r05,ok
M3_C1_KP1_T2_A_r05,ok
M2_C3_KP1_T2_A_r05,ok
M3_C3_KP1_T2_A_r05,ok
M2_C4_KP1_T2_can_r05,ok
M1_C1_KP2_T2_A_r05,ok
M1_C2_KP2_T2_can_r05,ok
M1_C3_KP2_T2_A_r05,ok
M2_C1_KP2_T2_A_r05,ok
M1_C4_KP2_T2_can_r05,ok
M2_C4_KP2_T2_can_r05,ok
M3_C4_KP1_T2_can_r05,ok
M3_C1_KP2_T2_A_r05,ok
M2_C3_KP2_T2_A_r05,ok
M3_C2_KP1_T2_can_r05,exec_fail
M3_C2_KP2_T2_can_r05,ok
M3_C3_KP2_T2_A_r05,ok
M3_C4_KP2_T2_can_r05,ok
M2_C2_KP2_T2_can_r05,ok
M1_C1_KP3_T2_A_r05,ok
M1_C2_KP3_T2_can_r05,ok
M1_C3_KP3_T2_A_r05,ok
M2_C2_KP3_T2_can_r05,ok
M3_C1_KP3_T2_A_r05,ok
M1_C4_KP3_T2_can_r05,ok
M2_C3_KP3_T2_A_r05,ok
M2_C1_KP3_T2_A_r05,ok
M3_C3_KP3_T2_A_r05,ok
M3_C4_KP3_T2_can_r05,ok
M2_C4_KP3_T2_can_r05,exec_fail
M3_C2_KP3_T2_can_r05,ok
M1_C1_KP4_T2_A_r05,ok
M1_C2_KP4_T2_can_r05,ok
M2_C1_KP4_T2_A_r05,ok
M3_C1_KP4_T2_A_r05,ok
M1_C3_KP4_T2_A_r05,no_code
M2_C2_KP4_T2_can_r05,ok
M1_C4_KP4_T2_can_r05,ok
M3_C2_KP4_T2_can_r05,ok
M2_C3_KP4_T2_A_r05,ok
M2_C4_KP4_T2_can_r05,ok
M3_C4_KP4_T2_can_r05,ok
M3_C3_KP4_T2_A_r05,ok
M1_C1_KP5_T2_A_r05,ok
M3_C1_KP5_T2_A_r05,ok
M1_C2_KP5_T2_can_r05,ok
M1_C3_KP5_T2_A_r05,ok
M2_C1_KP5_T2_A_r05,ok
M2_C2_KP5_T2_can_r05,exec_fail
M1_C4_KP5_T2_can_r05,ok
M2_C3_KP5_T2_A_r05,exec_fail
M3_C4_KP5_T2_can_r05,no_code
M2_C4_KP5_T2_can_r05,ok
M3_C3_KP5_T2_A_r05,ok
M3_C2_KP5_T2_can_r05,ok
M1_C1_KP6_T2_A_r05,ok
M1_C2_KP6_T2_can_r05,ok
M2_C1_KP6_T2_A_r05,no_code
M1_C3_KP6_T2_A_r05,ok
M1_C4_KP6_T2_can_r05,ok
M2_C3_KP6_T2_A_r05,ok
M2_C2_KP6_T2_can_r05,ok
M3_C1_KP6_T2_A_r05,ok
M3_C4_KP6_T2_can_r05,ok
M2_C4_KP6_T2_can_r05,ok
M3_C2_KP6_T2_can_r05,ok
M1_C1_KP1_T2_B_r06,ok
M1_C2_KP1_T2_can_r06,ok
M3_C3_KP6_T2_A_r05,ok
M1_C3_KP1_T2_B_r06,ok
M2_C1_KP1_T2_B_r06,ok
M1_C4_KP1_T2_can_r06,ok
M3_C3_KP1_T2_B_r06,ok
M2_C3_KP1_T2_B_r06,ok
M2_C4_KP1_T2_can_r06,ok
M3_C2_KP1_T2_can_r06,ok
M3_C1_KP1_T2_B_r06,ok
M2_C2_KP1_T2_can_r06,ok
M1_C1_KP2_T2_B_r06,ok
M1_C2_KP2_T2_can_r06,ok
M1_C3_KP2_T2_B_r06,ok
M2_C1_KP2_T2_B_r06,exec_fail
M3_C4_KP1_T2_can_r06,ok
M1_C4_KP2_T2_can_r06,ok
M2_C2_KP2_T2_can_r06,ok
M3_C3_KP2_T2_B_r06,ok
M3_C1_KP2_T2_B_r06,ok
M2_C4_KP2_T2_can_r06,ok
M2_C3_KP2_T2_B_r06,ok
M3_C4_KP2_T2_can_r06,ok
M1_C1_KP3_T2_B_r06,ok
M3_C2_KP2_T2_can_r06,ok
M1_C2_KP3_T2_can_r06,ok
M1_C3_KP3_T2_B_r06,ok
M2_C2_KP3_T2_can_r06,ok
M2_C1_KP3_T2_B_r06,ok
M1_C4_KP3_T2_can_r06,ok
M3_C2_KP3_T2_can_r06,ok
M2_C3_KP3_T2_B_r06,ok
M2_C4_KP3_T2_can_r06,exec_fail
M3_C1_KP3_T2_B_r06,ok
M3_C4_KP3_T2_can_r06,ok
M3_C3_KP3_T2_B_r06,ok
M1_C1_KP4_T2_B_r06,ok
M1_C2_KP4_T2_can_r06,ok
M3_C1_KP4_T2_B_r06,ok
M2_C1_KP4_T2_B_r06,ok
M1_C3_KP4_T2_B_r06,ok
M2_C2_KP4_T2_can_r06,ok
M1_C4_KP4_T2_can_r06,ok
M2_C3_KP4_T2_B_r06,ok
M3_C4_KP4_T2_can_r06,ok
M3_C2_KP4_T2_can_r06,ok
M2_C4_KP4_T2_can_r06,ok
M3_C3_KP4_T2_B_r06,ok
M1_C1_KP5_T2_B_r06,ok
M1_C2_KP5_T2_can_r06,ok
M1_C3_KP5_T2_B_r06,ok
M2_C1_KP5_T2_B_r06,exec_fail
M3_C1_KP5_T2_B_r06,ok
M1_C4_KP5_T2_can_r06,ok
M2_C3_KP5_T2_B_r06,ok
M3_C2_KP5_T2_can_r06,ok
M2_C2_KP5_T2_can_r06,exec_fail
M2_C4_KP5_T2_can_r06,ok
M3_C4_KP5_T2_can_r06,ok
M3_C3_KP5_T2_B_r06,ok
M1_C1_KP6_T2_B_r06,no_code
M2_C1_KP6_T2_B_r06,exec_fail
M1_C2_KP6_T2_can_r06,ok
M3_C1_KP6_T2_B_r06,ok
M1_C3_KP6_T2_B_r06,exec_fail
M2_C2_KP6_T2_can_r06,ok
M3_C3_KP6_T2_B_r06,ok
M1_C4_KP6_T2_can_r06,ok
M2_C3_KP6_T2_B_r06,exec_fail
M2_C4_KP6_T2_can_r06,ok
M3_C4_KP6_T2_can_r06,ok
M3_C2_KP6_T2_can_r06,ok
M1_C1_KP1_T2_B_r07,ok
M1_C2_KP1_T2_can_r07,ok
M1_C3_KP1_T2_B_r07,ok
M1_C4_KP1_T2_can_r07,ok
M2_C3_KP1_T2_B_r07,ok
M2_C1_KP1_T2_B_r07,ok
M2_C2_KP1_T2_can_r07,ok
M2_C4_KP1_T2_can_r07,ok
M3_C1_KP1_T2_B_r07,ok
M3_C2_KP1_T2_can_r07,ok
M3_C3_KP1_T2_B_r07,ok
M1_C1_KP2_T2_B_r07,ok
M1_C2_KP2_T2_can_r07,ok
M1_C3_KP2_T2_B_r07,ok
M1_C4_KP2_T2_can_r07,ok
M2_C2_KP2_T2_can_r07,ok
M3_C4_KP2_T2_can_r07,ok
M3_C4_KP1_T2_can_r07,ok
M2_C4_KP2_T2_can_r07,ok
M3_C2_KP2_T2_can_r07,ok
M3_C3_KP2_T2_B_r07,exec_fail
M2_C3_KP2_T2_B_r07,ok
M2_C1_KP2_T2_B_r07,ok
M3_C1_KP2_T2_B_r07,ok
M1_C2_KP3_T2_can_r07,ok
M1_C1_KP3_T2_B_r07,ok
M1_C3_KP3_T2_B_r07,ok
M2_C3_KP3_T2_B_r07,ok
M2_C1_KP3_T2_B_r07,exec_fail
M3_C1_KP3_T2_B_r07,ok
M2_C2_KP3_T2_can_r07,ok
M1_C4_KP3_T2_can_r07,ok
M2_C4_KP3_T2_can_r07,ok
M3_C2_KP3_T2_can_r07,exec_fail
M3_C4_KP3_T2_can_r07,ok
M1_C1_KP4_T2_B_r07,ok
M3_C3_KP3_T2_B_r07,ok
M1_C2_KP4_T2_can_r07,ok
M1_C3_KP4_T2_B_r07,ok
M2_C2_KP4_T2_can_r07,ok
M3_C1_KP4_T2_B_r07,ok
M1_C4_KP4_T2_can_r07,ok
M2_C4_KP4_T2_can_r07,ok
M2_C1_KP4_T2_B_r07,ok
M2_C3_KP4_T2_B_r07,ok
M3_C4_KP4_T2_can_r07,ok
M1_C1_KP5_T2_B_r07,ok
M3_C2_KP4_T2_can_r07,ok
M3_C3_KP4_T2_B_r07,ok
M1_C2_KP5_T2_can_r07,ok
M1_C3_KP5_T2_B_r07,ok
M2_C2_KP5_T2_can_r07,exec_fail
M3_C1_KP5_T2_B_r07,ok
M1_C4_KP5_T2_can_r07,ok
M3_C2_KP5_T2_can_r07,ok
M2_C1_KP5_T2_B_r07,ok
M2_C3_KP5_T2_B_r07,ok
M3_C4_KP5_T2_can_r07,ok
M2_C4_KP5_T2_can_r07,ok
M3_C3_KP5_T2_B_r07,ok
M1_C1_KP6_T2_B_r07,ok
M1_C2_KP6_T2_can_r07,ok
M2_C1_KP6_T2_B_r07,ok
M3_C1_KP6_T2_B_r07,ok
M1_C3_KP6_T2_B_r07,no_figure_path
M3_C2_KP6_T2_can_r07,ok
M1_C4_KP6_T2_can_r07,ok
M2_C4_KP6_T2_can_r07,ok
M2_C2_KP6_T2_can_r07,ok
M2_C3_KP6_T2_B_r07,ok
M1_C1_KP1_T2_B_r08,ok
M3_C4_KP6_T2_can_r07,ok
M1_C2_KP1_T2_can_r08,ok
M3_C3_KP6_T2_B_r07,ok
M3_C2_KP1_T2_can_r08,no_code
M1_C3_KP1_T2_B_r08,ok
M1_C4_KP1_T2_can_r08,ok
M3_C3_KP1_T2_B_r08,ok
M2_C3_KP1_T2_B_r08,ok
M2_C4_KP1_T2_can_r08,ok
M2_C1_KP1_T2_B_r08,ok
M2_C2_KP1_T2_can_r08,ok
M3_C1_KP1_T2_B_r08,ok
M1_C1_KP2_T2_B_r08,ok
M1_C2_KP2_T2_can_r08,ok
M1_C3_KP2_T2_B_r08,ok
M2_C1_KP2_T2_B_r08,no_code
M1_C4_KP2_T2_can_r08,ok
M2_C4_KP2_T2_can_r08,ok
M2_C2_KP2_T2_can_r08,ok
M2_C3_KP2_T2_B_r08,ok
M3_C3_KP2_T2_B_r08,ok
M3_C4_KP2_T2_can_r08,ok
M3_C2_KP2_T2_can_r08,ok
M3_C1_KP2_T2_B_r08,ok
M1_C1_KP3_T2_B_r08,ok
M1_C2_KP3_T2_can_r08,ok
M1_C3_KP3_T2_B_r08,ok
M2_C1_KP3_T2_B_r08,ok
M2_C3_KP3_T2_B_r08,ok
M1_C4_KP3_T2_can_r08,ok
M2_C2_KP3_T2_can_r08,exec_fail
M3_C2_KP3_T2_can_r08,ok
M3_C4_KP3_T2_can_r08,ok
M3_C4_KP1_T2_can_r08,ok
M2_C4_KP3_T2_can_r08,ok
M1_C1_KP4_T2_B_r08,ok
M2_C1_KP4_T2_B_r08,ok
M1_C2_KP4_T2_can_r08,ok
M2_C2_KP4_T2_can_r08,ok
M1_C3_KP4_T2_B_r08,ok
M1_C4_KP4_T2_can_r08,ok
M3_C1_KP4_T2_B_r08,ok
M2_C4_KP4_T2_can_r08,exec_fail
M3_C2_KP4_T2_can_r08,ok
M2_C3_KP4_T2_B_r08,ok
M3_C4_KP4_T2_can_r08,ok
M3_C3_KP4_T2_B_r08,ok
M3_C3_KP3_T2_B_r08,ok
M1_C1_KP5_T2_B_r08,ok
M1_C2_KP5_T2_can_r08,ok
M1_C3_KP5_T2_B_r08,ok
M2_C1_KP5_T2_B_r08,exec_fail
M2_C3_KP5_T2_B_r08,ok
M1_C4_KP5_T2_can_r08,exec_fail
M2_C2_KP5_T2_can_r08,ok
M3_C3_KP5_T2_B_r08,exec_fail
M3_C1_KP5_T2_B_r08,ok
M2_C4_KP5_T2_can_r08,exec_fail
M3_C2_KP5_T2_can_r08,no_code
M1_C1_KP6_T2_B_r08,ok
M1_C2_KP6_T2_can_r08,ok
M3_C1_KP6_T2_B_r08,exec_fail
M1_C3_KP6_T2_B_r08,no_figure_path
M2_C1_KP6_T2_B_r08,ok
M2_C2_KP6_T2_can_r08,ok
M2_C3_KP6_T2_B_r08,ok
M1_C4_KP6_T2_can_r08,ok
M3_C2_KP6_T2_can_r08,ok
M2_C4_KP6_T2_can_r08,ok
M3_C4_KP5_T2_can_r08,ok
M3_C1_KP3_T2_B_r08,ok
M3_C4_KP6_T2_can_r08,ok
M3_C3_KP6_T2_B_r08,ok
M1_C1_KP1_T2_B_r09,ok
M1_C2_KP1_T2_can_r09,ok
M3_C1_KP1_T2_B_r09,ok
M1_C3_KP1_T2_B_r09,ok
M2_C1_KP1_T2_B_r09,ok
M1_C4_KP1_T2_can_r09,ok
M2_C2_KP1_T2_can_r09,ok
M2_C3_KP1_T2_B_r09,ok
M3_C4_KP1_T2_can_r09,ok
M3_C2_KP1_T2_can_r09,ok
M2_C4_KP1_T2_can_r09,ok
M1_C1_KP2_T2_B_r09,ok
M1_C2_KP2_T2_can_r09,ok
M1_C3_KP2_T2_B_r09,ok
M1_C4_KP2_T2_can_r09,ok
M3_C2_KP2_T2_can_r09,ok
M2_C2_KP2_T2_can_r09,ok
M2_C4_KP2_T2_can_r09,ok
M2_C1_KP2_T2_B_r09,ok
M2_C3_KP2_T2_B_r09,ok
M3_C3_KP1_T2_B_r09,ok
M3_C3_KP2_T2_B_r09,ok
M1_C1_KP3_T2_B_r09,ok
M1_C2_KP3_T2_can_r09,ok
M2_C1_KP3_T2_B_r09,ok
M3_C1_KP2_T2_B_r09,ok
M1_C3_KP3_T2_B_r09,ok
M3_C4_KP2_T2_can_r09,ok
M3_C2_KP3_T2_can_r09,ok
M1_C4_KP3_T2_can_r09,exec_fail
M2_C4_KP3_T2_can_r09,exec_fail
M2_C2_KP3_T2_can_r09,exec_fail
M3_C4_KP3_T2_can_r09,exec_fail
M2_C3_KP3_T2_B_r09,ok
M3_C3_KP3_T2_B_r09,ok
M1_C1_KP4_T2_B_r09,ok
M1_C2_KP4_T2_can_r09,ok
M1_C3_KP4_T2_B_r09,ok
M2_C1_KP4_T2_B_r09,ok
M3_C1_KP4_T2_B_r09,ok
M1_C4_KP4_T2_can_r09,ok
M2_C2_KP4_T2_can_r09,ok
M3_C3_KP4_T2_B_r09,ok
M2_C3_KP4_T2_B_r09,ok
M3_C1_KP3_T2_B_r09,ok
M3_C2_KP4_T2_can_r09,ok
M3_C4_KP4_T2_can_r09,ok
M2_C4_KP4_T2_can_r09,ok
M1_C1_KP5_T2_B_r09,ok
M1_C2_KP5_T2_can_r09,ok
M2_C1_KP5_T2_B_r09,ok
M1_C3_KP5_T2_B_r09,ok
M1_C4_KP5_T2_can_r09,ok
M2_C2_KP5_T2_can_r09,exec_fail
M3_C1_KP5_T2_B_r09,ok
M2_C3_KP5_T2_B_r09,ok
M3_C2_KP5_T2_can_r09,ok
M3_C4_KP5_T2_can_r09,ok
M2_C4_KP5_T2_can_r09,ok
M1_C1_KP6_T2_B_r09,ok
M3_C3_KP5_T2_B_r09,ok
M1_C2_KP6_T2_can_r09,ok
M1_C3_KP6_T2_B_r09,no_figure_path
M2_C1_KP6_T2_B_r09,ok
M3_C2_KP6_T2_can_r09,ok
M2_C2_KP6_T2_can_r09,ok
M1_C4_KP6_T2_can_r09,ok
M3_C1_KP6_T2_B_r09,ok
M3_C4_KP6_T2_can_r09,ok
M2_C4_KP6_T2_can_r09,ok
M2_C3_KP6_T2_B_r09,ok
M3_C3_KP6_T2_B_r09,ok
M1_C1_KP1_T2_B_r10,ok
M1_C2_KP1_T2_can_r10,ok
M1_C3_KP1_T2_B_r10,ok
M3_C1_KP1_T2_B_r10,ok
M1_C4_KP1_T2_can_r10,ok
M2_C3_KP1_T2_B_r10,ok
M2_C1_KP1_T2_B_r10,ok
M3_C4_KP1_T2_can_r10,no_code
M3_C2_KP1_T2_can_r10,exec_fail
M2_C2_KP1_T2_can_r10,ok
M3_C3_KP1_T2_B_r10,ok
M2_C4_KP1_T2_can_r10,ok
M1_C1_KP2_T2_B_r10,ok
M3_C2_KP2_T2_can_r10,no_code
M1_C2_KP2_T2_can_r10,ok
M1_C3_KP2_T2_B_r10,ok
M1_C4_KP2_T2_can_r10,ok
M3_C1_KP2_T2_B_r10,no_code
M2_C2_KP2_T2_can_r10,ok
M3_C4_KP2_T2_can_r10,no_code
M2_C4_KP2_T2_can_r10,ok
M2_C3_KP2_T2_B_r10,ok
M2_C1_KP2_T2_B_r10,ok
M3_C3_KP2_T2_B_r10,ok
M1_C1_KP3_T2_B_r10,ok
M3_C1_KP3_T2_B_r10,no_code
M1_C2_KP3_T2_can_r10,ok
M1_C3_KP3_T2_B_r10,ok
M2_C3_KP3_T2_B_r10,no_code
M2_C2_KP3_T2_can_r10,ok
M1_C4_KP3_T2_can_r10,ok
M2_C1_KP3_T2_B_r10,no_code
M3_C2_KP3_T2_can_r10,ok
M3_C4_KP3_T2_can_r10,ok
M2_C4_KP3_T2_can_r10,ok
M3_C3_KP3_T2_B_r10,ok
M1_C1_KP4_T2_B_r10,ok
M1_C2_KP4_T2_can_r10,ok
M2_C1_KP4_T2_B_r10,ok
M1_C3_KP4_T2_B_r10,ok
M3_C1_KP4_T2_B_r10,ok
M2_C2_KP4_T2_can_r10,ok
M1_C4_KP4_T2_can_r10,ok
M3_C2_KP4_T2_can_r10,exec_fail
M3_C4_KP4_T2_can_r10,no_code
M2_C3_KP4_T2_B_r10,ok
M2_C4_KP4_T2_can_r10,ok
M3_C3_KP4_T2_B_r10,ok
M1_C1_KP5_T2_B_r10,ok
M1_C2_KP5_T2_can_r10,ok
M1_C3_KP5_T2_B_r10,ok
M2_C1_KP5_T2_B_r10,ok
M1_C4_KP5_T2_can_r10,ok
M3_C1_KP5_T2_B_r10,ok
M2_C2_KP5_T2_can_r10,exec_fail
M3_C4_KP5_T2_can_r10,ok
M3_C3_KP5_T2_B_r10,ok
M3_C2_KP5_T2_can_r10,ok
M2_C3_KP5_T2_B_r10,ok
M2_C4_KP5_T2_can_r10,ok
M1_C1_KP6_T2_B_r10,ok
M2_C1_KP6_T2_B_r10,ok
M1_C2_KP6_T2_can_r10,ok
M1_C3_KP6_T2_B_r10,ok
M1_C4_KP6_T2_can_r10,ok
M2_C3_KP6_T2_B_r10,exec_fail
M3_C1_KP6_T2_B_r10,ok
M3_C4_KP6_T2_can_r10,ok
M2_C2_KP6_T2_can_r10,ok
M2_C4_KP6_T2_can_r10,ok
M3_C3_KP6_T2_B_r10,exec_fail
M3_C2_KP6_T2_can_r10,ok
M3_C3_KP3_T2_A_r01,ok
